Union SKU,OEM Brand,OEM Part #
UAF-7239,John Deere,M131802
UWS-2242,John Deere,M811032
UAF-9575,John Deere,LVU34503
UAF-7426,John Deere,M131803
UAF-3690,John Deere,LVU34504
UOF-7324,John Deere,M806419
UOF-3518,John Deere,M806418
UFF-0523,John Deere,MIU800645
UFF-2128,John Deere,MIU804763
UFF-1331,John Deere,MIU803127
UIL-6043,John Deere,AM116304
UHF-1818,John Deere,LVU800097
UHF-4134,John Deere,LVA14703
UHF-0137,John Deere,AL221066
UHF-7644,John Deere,LVA16054
UHF-5454,John Deere,LVA802810
UAF-0405,John Deere,AT338105
UAF-2287,John Deere,AT336803
UOF-0817,John Deere,MIU800650
UFF-9570,John Deere,MIU802421
UFF-9649,John Deere,MIU805005
UHF-2270,John Deere,AT314164
UWS-0216,John Deere,MIU801025
UFF-5830,John Deere,MIU801090
UHF-0004,John Deere,AT435649
UFF-9649,John Deere,MIU802154
UAF-6305,John Deere,KV16429
UAF-5308,John Deere,AT171854
UAF-1453,John Deere,FYD00001540
UAF-2935,John Deere,FYD00000374
UHF-0622,John Deere,AT308568
UHF-5534,John Deere,4294130
UAF-3745,John Deere,FYD00001541
UAF-9642,John Deere,FYD00001327
UFF-2128,John Deere,M801101
UAF-2240,John Deere,M113621
UFF-2128,John Deere,MIU803907
UHF-7960,John Deere,4692230
UFF-0523,John Deere,MIU801267
UAF-7135,John Deere,AT332908
UAF-9971,John Deere,AT332909
UOF-2250,John Deere,RE504836
UFF-7434,John Deere,RE541922
UFF-2701,John Deere,AT365870
UFF-3816,John Deere,RE522878
UFF-1598,John Deere,RE544394
UFF-9245,John Deere,RE509031
UHF-0200,John Deere,AT367840
UHF-5023,John Deere,AT466863
UFF-9364,John Deere,RE551507
UFF-4278,John Deere,RE551508
UFF-2604,John Deere,AT433550
UFF-7803,John Deere,AT491450
UFF-3546,John Deere,RE62419
UHF-6668,John Deere,AT308274
UHF-5023,John Deere,AT179323
UHF-3129,John Deere,AT495722
UFF-9364,John Deere,DZ115391
UFF-4278,John Deere,DZ115390
UHF-5634,John Deere,T444519
UAF-4335,John Deere,AT390262
UAF-3962,John Deere,AT390261
UHF-4767,John Deere,FYA00008642
UHF-2665,John Deere,4630525
UOF-9903,John Deere,RE539279
UFF-9766,John Deere,RE522966
UFF-2316,John Deere,RE509032
UHF-4767,John Deere,4448401
UAF-6305,John Deere,AT171853
UOF-7628,John Deere,8983020750R
UFF-4685,John Deere,4676385R
UFF-8912,John Deere,8981527381R
UOF-7628,John Deere,8983758600
UFF-6911,John Deere,FYA00005785
UFF-0241,John Deere,8983129180
UHF-0151,John Deere,FYA00033065
UFF-5107,John Deere,RE529643
UHF-3059,John Deere,4656608
UHF-0151,John Deere,FYA00033064
UAF-0113,John Deere,AT280662
UAF-8095,John Deere,AT280663
UFF-1089,John Deere,8981527371R
UHF-8162,John Deere,4666083
UAF-8153,John Deere,AT514724
UAF-6418,John Deere,AT514725
UFF-1288,John Deere,DZ115392
UAF-4561,John Deere,AT300487
UAF-0476,John Deere,AT314583
UFF-7403,John Deere,RE536291
UFF-6978,John Deere,RE541746
UFF-4052,John Deere,RE556406
UAF-4805,John Deere,AT330978
UAF-8498,John Deere,AT330980
UAF-3939,John Deere,AT175223
UAF-4932,John Deere,AT175224
UOF-9384,John Deere,DZ118283
UFF-5601,John Deere,RE539465
UFF-4278,John Deere,DZ110558
UAF-2603,John Deere,AT308575
UAF-1520,John Deere,TT220747
UOF-4381,John Deere,RE572785
UFF-8836,John Deere,DZ112918
UHF-0722,John Deere,4654745
UHF-6190,John Deere,4363399
UAF-5791,John Deere,AT179371
UAF-0840,John Deere,AT179370
UOF-7628,John Deere,1132402322
UFF-4685,John Deere,4676385
UFF-8912,John Deere,4719921
UFF-0241,John Deere,8982394641
UHF-8514,John Deere,T366738
UAF-3909,John Deere,AT383474
UAF-1848,John Deere,AL150288
UHF-8514,John Deere,T341322
UHF-7536,John Deere,AT318160
UFF-1288,John Deere,RE560681
UOF-9384,John Deere,DZ101884
UHF-6328,John Deere,RE174130
UAF-9257,John Deere,AT411949
UAF-1927,John Deere,AT411946
UFF-8836,John Deere,RE533910
UHF-1424,John Deere,AT415840
UFF-6978,John Deere,RE525523
UFF-4794,John Deere,AT365869
UHF-1424,John Deere,AT415840/HST
UAF-5971,John Deere,TT221379
UAF-7951,John Deere,TT221378
UFF-5601,John Deere,RE532952
UHF-7536,John Deere,AT318160/HST
UAF-7354,John Deere,AT370279
UAF-7482,John Deere,F071151
UFF-3816,John Deere,RE541925
UHF-8514,John Deere,T280007
UAF-3939,John Deere,AT223226
UHF-8963,John Deere,AT312905
UHF-8303,John Deere,LW12210161
UAF-0816,John Deere,AT311066
UAF-6058,John Deere,AT311067
UHF-8863,John Deere,AT468647
UHF-4221,John Deere,AT489922
UHF-8707,John Deere,AT335977
UFF-7939,John Deere,AT223493
UAF-9042,John Deere,AT386551
UAF-8714,John Deere,HXE11091
UOF-2633,John Deere,RE59754
UFF-6452,John Deere,RE62418
UHF-0200,John Deere,AT335492
UHF-0200,John Deere,AT335492/AXLE
UAF-5149,John Deere,AT178516
UAF-7965,John Deere,AT178517
UOF-9384,John Deere,RE521420
UFF-7939,John Deere,AT423052
UAF-4667,John Deere,AL215055
UAF-3485,John Deere,AL215054
UFF-7137,John Deere,DZ115389
UOF-5236,John Deere,DE30500
UHF-5649,John Deere,AL169573
UAF-4651,John Deere,AL78869
UAF-3799,John Deere,AL78870
UAF-7276,John Deere,AL78223
UAF-5959,John Deere,AL78224
UFF-6937,John Deere,RE509208
UHF-0137,John Deere,AL221066/TRANS
UHF-9794,John Deere,RE34958
UOF-3225,John Deere,L114404
UOF-8797,John Deere,RE509672
UAF-8864,John Deere,RE564863
UHF-1424,John Deere,RE577612
UHF-5187,John Deere,LVU14258
UAF-6024,John Deere,RE587793
UAF-5969,John Deere,RE587794
UHF-7536,John Deere,RE210857
UAF-3143,John Deere,AL172781
UAF-3909,John Deere,AL172780
UFF-7469,John Deere,RE509036
UHF-6318,John Deere,AL206482
UHF-6163,John Deere,AL203061
UHF-9794,John Deere,AL118036
UAF-1831,John Deere,T340571
UAF-6098,John Deere,T340572
UHF-4221,John Deere,AT333901
UHF-8863,John Deere,AT336140
UHF-8864,John Deere,AT418095
UAF-5736,John Deere,RE261960
UAF-3984,John Deere,RE230985
UOF-4381,John Deere,RE561823
UAF-9522,John Deere,AT222722
UAF-1435,John Deere,AT203470
UFF-7939,John Deere,AT489745
UAF-1990,John Deere,AT519883
UAF-5820,John Deere,AT519884
UHF-9794,John Deere,AH128449
UAF-4718,Kubota,1585211082
UOF-7324,Kubota,HH15032094
UFF-6229,Kubota,1T02143560
UHF-8956,Kubota,HH66036060
UAF-3371,Kubota,6C04094240
UAF-9219,Kubota,6C04094250
UHF-3776,Kubota,HH67037712
UAF-5677,Kubota,6798082630
UAF-2240,Kubota,6A10082630
UHF-7636,Kubota,3259038380
UHF-6190,Kubota,3270137950
UAF-5644,Kubota,3272158242
UFF-6229,Kubota,1523143560
UAF-9337,Kubota,1574111083
UHF-6983,Kubota,3843037710
UHF-2246,Kubota,6636137950
UAF-8732,Kubota,6C06099414
UFF-1821,Kubota,6A32059930
UHF-6779,Kubota,HHK7014070
UHF-3776,Kubota,6795537710
UFF-3610,Kubota,6C35658330
UHF-6779,Kubota,HHK7014073
UOF-0817,Kubota,HH16032093
UAF-4875,Kubota,1G31911212
UAF-5183,Kubota,K759182360
UOF-3824,John Deere,RE519626
UAF-3582,John Deere,AP33331
UAF-4143,John Deere,KV16428
UFF-2335,John Deere,RE508202
UFF-0010,John Deere,T257865
UAF-4607,John Deere,AT65296
UAF-4820,John Deere,AT44378
UOF-1547,John Deere,T19044
UOF-1146,John Deere,AT120444
UOF-1547,John Deere,T19044/WINCH
UOF-1547,John Deere,T19044/TRANS
UFF-7384,John Deere,AR50041
UAF-6305,Kubota,5970026112
UAF-5308,Kubota,5523126150
UOF-0435,Kubota,HH1C032430
UHF-5359,Kubota,HHTA059900
UFF-0237,Kubota,HHV0051640
UFF-5830,Kubota,1K94743170
UFF-5830,Kubota,1K94743172
UAF-4143,Kubota,5980026110
UAF-3582,Kubota,3A11119130
UFF-1022,Kubota,HH16643560
UHF-9290,Kubota,6877362210
UFF-1987,Kubota,RD81951280
UHF-3268,Kubota,RD41162210
UFF-5690,Kubota,HHV0051920
UFF-6499,Kubota,1522143170
UFF-1987,Kubota,RB10151280
UHF-9221,Kubota,R141164930
UFF-1022,Kubota,1663143560
UAF-2240,Kubota,RG15842930
UAF-7483,Kubota,RG15842920
UOF-7782,Kubota,HH15032430
UHF-8507,Kubota,RG13862153
UAF-0844,Kubota,T027093220
UAF-2169,Kubota,TC02016324
UOF-7566,Kubota,HH15132430
UAF-1453,Kubota,RD15842270
UAF-2935,Kubota,RD15842280
UOF-0135,Kubota,HH16432430
UFF-5527,Kubota,RD15951020
UFF-5527,Kubota,RD15951022
UFF-5527,Kubota,1J80043220
UAF-1932,Kubota,RD45242270
UAF-9344,Kubota,RD45242280
UAF-1932,Kubota,R140142270
UAF-9344,Kubota,R240142280
UFF-4097,Kubota,HH1J043172
UFF-8241,Kubota,RA21151280
UHF-5534,Kubota,RD40161270
UAF-2483,Kubota,1735111080
UOF-0135,Kubota,1732132430
UFF-6499,Kubota,1522143081
UFF-4110,Kubota,1258143010
UAF-3045,Kubota,7000011080
UAF-4163,Kubota,1561211180
UHF-8917,Kubota,6874162210
UAF-8732,Kubota,6C06099410
UHF-6190,Kubota,R141163860
UHF-4700,Kubota,6870162192
UFF-4091,Kubota,1583143380
UAF-2169,Kubota,TC02016320
UAF-5081,Kubota,7000011081
UAF-6499,Kubota,1528711490
UOF-7324,Kubota,1584132432
UHF-3454,Kubota,RA01162190
UAF-5841,Kubota,7000011221
UOF-8299,Kubota,1521332431
UOF-8299,Kubota,1521332090
UAF-7483,John Deere,M123378
UAF-5841,John Deere,CH15451
UOF-0817,John Deere,M801002
UHF-3935,John Deere,RE27284
UFF-2368,John Deere,CH15553
UAF-7927,John Deere,AM102746
UAF-8048,John Deere,AM108184
UAF-9163,John Deere,AM108185
UHF-5187,John Deere,AM102723
UAF-7135,John Deere,AT396132
UOF-5756,John Deere,MIU800651
UFF-3039,John Deere,T111383
UAF-7239,John Deere,RG60690
UAF-7426,John Deere,RG25644
UAF-9386,John Deere,M802606
UAF-6499,John Deere,CH12881
UHF-2270,John Deere,KV12276
UFF-7632,John Deere,RE60021
UFF-5401,John Deere,KV11698
UAF-1452,John Deere,AT396133
UAF-4609,John Deere,RE282287
UFF-3080,John Deere,RE533026
UAF-1452,John Deere,RE282286
UHF-8211,John Deere,RE45864
UAF-3045,John Deere,RE45825
UAF-4163,John Deere,RE45826
UHF-2270,John Deere,M124541
UFF-4110,John Deere,AE29052
UAF-7239,John Deere,4417516
UOF-7324,John Deere,AT192163
UFF-2128,John Deere,4454529
UHF-8061,John Deere,AR75603
UOF-1146,John Deere,AT113114
UAF-2155,John Deere,AT35155
UAF-0817,John Deere,AT31227
UAF-6381,John Deere,RE253518
UAF-1915,John Deere,RE253519
UFF-8010,John Deere,RE522868
UHF-3507,John Deere,LVA10419
UHF-0042,John Deere,LVA11522
UAF-8238,John Deere,AR84228
UAF-9617,John Deere,AE31724
UAF-9448,John Deere,AT33363
UAF-2423,John Deere,AT33364
UOF-1146,John Deere,AT69852
UAF-1520,John Deere,4466268
UOF-4381,John Deere,RE58935
UHF-0722,John Deere,4333469
UHF-2974,John Deere,AT186554
UFF-2280,John Deere,RE507284
UOF-7324,John Deere,4454526
UFF-2128,John Deere,8970713480
UFF-1987,John Deere,8943602540
UHF-3359,John Deere,AT39266
UHF-7503,John Deere,AT78414
UHF-9804,John Deere,AT140315
UHF-8068,John Deere,AT67960
UAF-9647,John Deere,AT39124
UAF-7239,ASV,304434
UAF-7426,ASV,304435
UOF-0172,ASV,200377
UFF-9691,ASV,200213
UFF-7228,ASV,2013690
UHF-8206,ASV,200204
UFF-8881,ASV,200617
UAF-2902,Gehl,188814
UAF-2084,Gehl,188817
UOF-2687,Gehl,137500
UFF-0523,Gehl,182130
UHF-9794,Gehl,78430
UAF-4143,Gehl,104047
UAF-3582,Gehl,104046
UOF-0172,Gehl,104044
UOF-7324,Gehl,195568
UFF-0806,Gehl,104045
UFF-3539,Gehl,245005
UFF-9649,Gehl,50352551
UHF-9794,Gehl,74830
UFF-5830,Gehl,193024
UFF-9570,Gehl,50352550
UAF-3445,Gehl,184146
UAF-1279,Gehl,184195
UAF-9493,Gehl,50352454
UAF-6577,Gehl,50352455
UAF-1932,John Deere,RE68048
UAF-9344,John Deere,RE68049
UHF-9517,John Deere,LVA13065
UHF-8514,John Deere,T280007/TRANS
UHF-9794,John Deere,T175002
UHF-9794,John Deere,T175002/TRANS
UFF-3080,John Deere,RE526319
UOF-2250,John Deere,RE541420
UHF-8514,John Deere,T366738/TRANS
UHF-9997,John Deere,LVA802833
UHF-8514,John Deere,T341322/TRANS
UOF-5031,John Deere,RE555767
UFF-3816,John Deere,RE524723
UHF-8707,John Deere,AT400896
UAF-7391,John Deere,AT220822
UAF-7303,John Deere,AT203051
UOF-8459,John Deere,RE57394
UHF-0200,John Deere,AT310905
UHF-9804,John Deere,AT209204
UHF-6689,John Deere,AT147496
UFF-3786,John Deere,RE522372
UFF-6510,John Deere,RE522688
UFF-8166,John Deere,AR86745
UFF-8087,John Deere,RE508633
UHF-0531,John Deere,AT172912
UHF-5956,John Deere,AT129775
UFF-3287,John Deere,AT81478
UOF-2250,John Deere,RE519987
UOF-8299,Kubota,1521332091
UAF-2240,Kubota,K121182320
UAF-7483,Kubota,K756182360
UHF-4847,Kubota,HHK3216770
UFF-4110,Kubota,1258143012
UAF-4143,Kubota,R561142270
UAF-3582,Kubota,R561142250
UAF-7239,Kubota,TC62093230
UFF-4091,Kubota,1G31143380
UHF-4847,Kubota,TC42282620
UFF-5527,Kubota,HH1J143172
UAF-6388,Kubota,T007016323
UHF-8956,Kubota,HHK2036990
UAF-7239,Kubota,TA04093230
UHF-4847,Kubota,HH3A082623
UHF-8956,Kubota,K256136990
UAF-7426,Kubota,TA04093220
UOF-0135,Kubota,1641432430
UHF-6779,Kubota,K756114070
UOF-7324,Kubota,HH15232432
UAF-4718,Kubota,1585211080
UOF-7782,Kubota,1585332430
UHF-8956,Kubota,HHK7214080
UHF-7636,Kubota,HHTA037710
UFF-5527,Kubota,1J80043170
UAF-1932,Kubota,RD45242272
UAF-2902,Kubota,TD27093232
UAF-2084,Kubota,TD27093220
UOF-2687,Kubota,3040137580
UFF-3039,Kubota,1552143160
UAF-2240,Kubota,K258182310
UFF-3039,Kubota,1A00143160
UAF-3045,Kubota,1560611080
UAF-4163,Kubota,1738111180
UHF-2479,Kubota,HH52015320
UHF-7636,Kubota,HH33082630
UHF-3937,Barreto,3952
UOF-4746,Honda,15400PLMA02PE
UAF-7239,Donaldson,070225OUTER
UAF-7426,Donaldson,070225INNER
UOF-3646,Briggs & Stratton,842921
UFF-2338,Honda,16910Z6L003
USP-1959,,EMPTY
USP-0379,,EMPTY
UFF-2338,Briggs & Stratton,845125
UAF-7239,Briggs & Stratton,841497
UAF-7426,Briggs & Stratton,841238
UAF-7239,Vermeer,224285007
UAF-7426,Vermeer,296251230
UOF-0172,Vermeer,274764001
UFF-2338,Vermeer,242566033
UHF-3937,Vermeer,2683001
UHF-3937,Vermeer,163733191
USP-0379,,EMPTY
UAF-7239,Ditch Witch,194038
UAF-7426,Ditch Witch,194039
UOF-3518,Ditch Witch,1951533
UFF-2338,Ditch Witch,1951536
UHF-3937,Ditch Witch,1504388
USP-1959,,EMPTY
UOF-0135,Ditch Witch,194881
UHF-0150,Ditch Witch,149412
UFF-4110,Ditch Witch,155941
UFF-6499,Ditch Witch,194386
UHF-5124,Kubota,RA02162150
UHF-9207,Kubota,RB41162150
UHF-4308,Kubota,RB41162190
UHF-3832,Kubota,V051165150
UAF-0165,Kawasaki,110137038
UAF-8327,Kawasaki,110137039
UOF-6726,Toro,490652071
UHF-9743,Toro,1170390
USP-5428,,EMPTY
UFF-6036,Toro,1214570
UAF-7239,Kohler,2508301S
UAF-7426,Kohler,2508304S
UOF-0172,Kohler,5205002S
UFF-2338,Kohler,2405013S
USP-0379,,EMPTY
UAF-5607,Kohler,1608301S
UAF-9588,Kohler,1608302S
UOF-8933,Kohler,1205001S
UHF-8902,Toro,1633750
UHF-9363,Toro,1373772
UFF-4110,Toro,1202235
UAF-2240,Toro,1083811
UAF-7483,Toro,982982
UHF-3750,Toro,863010
UHF-2653,Kubota,RB23862150
UAF-1632,Vermeer,256011003
UAF-2006,Vermeer,161570001
UAF-1932,Vermeer,151941001
UAF-9344,Vermeer,151940001
UOF-5824,Vermeer,140105001
UOF-0172,Vermeer,180006987
UOF-8922,Vermeer,154908001
UFF-7847,Vermeer,163674727
UFF-0796,Vermeer,163674726
UFF-9691,Vermeer,15340001
UFF-9653,Vermeer,180012271
UFF-4110,Vermeer,207872001
UAF-7239,Yanmar,1A833005110
UAF-7426,Yanmar,12905112530
UOF-3518,Yanmar,11930535170
UHF-1818,Yanmar,19816724900
UHF-3935,Yanmar,19811948310
UFF-2128,Yanmar,11981055650
UAF-2240,Yanmar,11951512520
UAF-7483,Yanmar,11923312700
UOF-9342,Yanmar,16500015360
UHF-3365,Yanmar,17215673710
UHF-6402,Yanmar,17248073700
UFF-8852,Yanmar,12905255630
UFF-2128,Yanmar,12455055700
UAF-6190,Kubota,K318182240
UAF-1984,Kubota,K318182250
UAF-1932,Kubota,R551142270
UAF-9344,Kubota,R551142250
UFF-5527,Kubota,1J80043172
UFF-1022,Kubota,HH1G043560
UAF-4163,Kubota,6833543620
UOF-5559,Kubota,1552132431
UHF-8845,Kubota,3633082630
UAF-2084,Kubota,3282193220
UAF-2902,Kubota,TD27093230
UFF-6499,Kubota,1522143080
UAF-5841,Kubota,1522111220
UAF-4143,New Holland,86982522
UAF-3582,New Holland,86982523
UOF-6322,New Holland,84476759
UHF-2270,New Holland,9842392
UHF-9794,New Holland,87010592
UFF-3759,New Holland,87548612
UFF-0806,New Holland,87803264
UAF-6305,New Holland,84217229
UAF-5308,New Holland,87682999
UOF-6221,New Holland,87679598
UHF-9794,New Holland,84475949
UFF-1393,New Holland,84477348
UAF-1453,Yanmar,173B0311540
UOF-7324,Yanmar,12915035170
UHF-7580,Yanmar,17213773700
UHF-5789,Yanmar,17217573700
UWS-2242,Yanmar,11980255710
UFF-0523,Yanmar,11980255810
UAF-2240,Yanmar,11965512560
UOF-3518,Yanmar,11930535151
UHF-6190,Yanmar,172A6473780
UFF-1987,Yanmar,17108155910
UAF-7239,Yanmar,11980812520
UOF-4746,Yanmar,12915035151
UAF-1932,ASV,200339
UAF-9344,ASV,200340
UFF-1987,ASV,200561
UFF-2128,Yanmar,1245505570
UHF-5220,Yanmar,17214673730
UFF-2368,Yanmar,10450055710
UFF-0806,New Holland,84565895
UAF-6305,New Holland,86982524
UAF-5308,New Holland,86982525
UFF-3759,New Holland,47572791
UFF-1393,New Holland,47367164
UOF-6322,New Holland,87803201
UAF-3045,New Holland,87035488
UAF-4163,New Holland,87035489
UOF-0172,New Holland,84475542
UFF-4110,New Holland,9611973
UFF-1624,New Holland,86504140
UFF-1624,New Holland,87036044
UAF-7239,New Holland,86519866
UAF-7426,New Holland,86519867
UOF-0172,New Holland,87415600
UHF-7636,New Holland,87300043
UHF-7698,New Holland,87300195
UFF-5495,New Holland,87300039
UAF-7239,New Holland,87300178
UAF-7426,New Holland,87300180
UOF-0135,New Holland,86546618
UAF-6305,New Holland,222421A1
UAF-5308,New Holland,222422A1
UHF-8514,New Holland,47456328
UFF-0806,New Holland,84299977
UAF-6305,New Holland,86555826
UAF-5308,New Holland,86555827
UOF-0135,New Holland,87800068
UFF-8421,New Holland,87801434
UOF-7324,New Holland,MT40006977
UAF-7239,New Holland,87682998
UAF-7426,New Holland,84539215
UHF-7570,New Holland,MT40007638
UHF-3937,New Holland,MT40007563
UFF-5712,New Holland,MT40006997
UAF-1932,New Holland,MT40007576
UAF-9344,New Holland,MT40049446
UOF-6398,New Holland,MT40318591
UFF-3379,New Holland,MT40271228
UAF-3045,New Holland,86504145
UAF-4163,New Holland,86504143
UOF-2193,New Holland,87800083
UOF-5859,New Holland,87803260
UFF-6409,New Holland,87803192
UHF-8956,New Holland,SBA340501030
UAF-4143,New Holland,1930587
UOF-4492,New Holland,84222017
UHF-7918,New Holland,5194879
UHF-3990,New Holland,84257511
UFF-0806,New Holland,84214564
UAF-4143,New Holland,87704249
UAF-3582,New Holland,1930588
UAF-8600,New Holland,221406
UAF-0664,New Holland,272744
UOF-2193,New Holland,505511
UHF-3664,New Holland,86632018
UHF-3935,New Holland,634958
UFF-9691,New Holland,505776
UFF-2338,New Holland,269212
UAF-6305,New Holland,87682993
UOF-6221,New Holland,47535939
UFF-6937,New Holland,87803443
UFF-6472,New Holland,84534796
UHF-8514,New Holland,47710533
UFF-6472,New Holland,5802726986
UFF-6937,New Holland,84559022
UAF-4143,New Holland,84170876
UHF-4495,New Holland,87391716
UFF-5453,New Holland,87329736
UOF-4374,CASE,J934429
UHF-9794,CASE,N9025
UFF-0806,CASE,J286503
UFF-1599,CASE,D139225
UAF-9842,CASE,128781A1
UAF-9736,CASE,128782A1
UOF-4374,CASE,J908616
UFF-3052,CASE,J925274
UFF-3489,CASE,J931063
UFF-0806,CASE,J931062
UFF-2902,CASE,D145357
UOF-2687,Ditch Witch,5002348
UFF-9570,Ditch Witch,5002532
UFF-9649,Ditch Witch,5002349
UAF-6381,New Holland,87037984
UAF-1915,New Holland,87037985
UOF-4492,New Holland,5096729
UFF-6857,New Holland,84348882
UHF-5284,New Holland,48195967
UFF-8503,New Holland,84328598
UHF-3990,New Holland,48188218
UAF-1932,New Holland,87682994
UAF-9344,New Holland,87682991
UFF-3039,New Holland,84477366
UFF-5226,New Holland,84379300
UHF-0290,New Holland,1909143
UHF-6280,New Holland,87391715
UHF-3990,New Holland,82824884
UAF-8732,New Holland,SBA314531174
UAF-5644,New Holland,SBA314531175
UFF-4110,New Holland,1701232C91
UHF-4141,New Holland,83912298
UFF-5495,New Holland,SBA360720130
UX-4936,New Holland,86529587
UAF-3788,New Holland,86512355
UFF-9691,New Holland,83937061
UHF-9794,New Holland,122536A1
UHF-0398,New Holland,254686A1
UFF-7939,New Holland,194199A1
UAF-6305,New Holland,87682989
UOF-5859,New Holland,87803261
UFF-0806,New Holland,87803194
UHF-0398,New Holland,254686A2
UOF-0452,New Holland,84228488
UFF-6472,New Holland,84412164
UFF-6937,New Holland,87803444
UHF-0398,New Holland,84475948
UHF-9794,New Holland,84239751
UAF-2511,New Holland,A173290
UAF-4047,New Holland,A173291
UFF-3489,New Holland,J903640
UFF-3052,New Holland,J930942
UFF-4110,New Holland,47462791
UAF-3045,New Holland,A42274
UOF-3178,New Holland,A146696
UFF-3940,New Holland,A39868
UFF-9059,New Holland,A39867
UPS-5857,New Holland,A42242
UHF-5873,New Holland,D75831
UFF-3052,New Holland,J903410
UAF-2902,Takeuchi,1911112001
UAF-2084,Takeuchi,1911112002
UOF-0435,Takeuchi,KHH1C032430
UHF-3972,Takeuchi,1551101001
UHF-7110,Takeuchi,1550020150
UHF-9762,Takeuchi,1551103900
UFF-1022,Takeuchi,K1663143560
UHF-2481,Takeuchi,1551000520
UFF-1681,Takeuchi,Y12953552150
UAF-6305,Takeuchi,Y11911712560
UAF-5308,Takeuchi,Y11911712570
UFF-3889,Takeuchi,X13240015
UOF-2213,Takeuchi,I8970497081
UAF-6305,Takeuchi,1911262102
UAF-5308,Takeuchi,1911262101
UFF-9273,Takeuchi,K1J30143170
UFF-1374,Takeuchi,KRD45151940
UAF-2240,Mahindra,11201032020
UOF-2687,Mahindra,E520532091
UFF-2128,Mahindra,15001023290
UOF-3518,Mahindra,11930535150
UHF-7098,Mahindra,11102303100
UFF-8223,Mahindra,11974055601
UFF-2368,Mahindra,14571000010
UAF-1932,Gehl,181878
UAF-9344,Gehl,181880
UFF-0523,Gehl,137499
UAF-4143,Gehl,182132
UAF-3582,Gehl,182133
UAF-6305,Gehl,182137
UAF-5308,Gehl,182138
UOF-6830,Gehl,182136
UFF-3889,Gehl,182134
UAF-6305,Gehl,L99453
UAF-5308,Gehl,L99967
UFF-4438,John Deere,AM107314
UHF-3201,CASE,A32297
UFF-6530,Kubota,V063151880
UFF-6036,Stens,120566
UHF-9363,Parker,PH411135S
UHF-0004,Genie,1268229GT
UHF-5748,CAT,9T5916
UHF-8200,Kubota,RC46162150
UHF-8200,Kubota,6865162120
UOF-7782,Kubota,HH1J032430
UAF-2240,Bobcat,6673752
UAF-7483,Bobcat,6673753
UOF-7324,Bobcat,6657635
UFF-1624,Bobcat,6667352
UHF-3507,Bobcat,6661248
UHF-7246,Bobcat,7009365
UAF-7239,Bobcat,6672467
UAF-7426,Bobcat,6672468
UOF-7774,Bobcat,7485617
UFF-2569,Bobcat,7485616
UFF-0924,Bobcat,7463722
UAF-4143,Bobcat,6666375
UAF-3582,Bobcat,6666376
UOF-2018,Bobcat,6675517
UHF-3750,Bobcat,6516722
UHF-9794,Bobcat,6668819
UOF-7134,Bobcat,7343102
UFF-5966,Bobcat,7400454
UFF-8800,Bobcat,7336334
UFF-6680,Bobcat,7348032
UHF-0767,Bobcat,6677652
UAF-1932,Bobcat,6666333
UAF-9344,Bobcat,6666334
UAF-3045,Bobcat,6598492
UHF-6190,Bobcat,6653336
UAF-4163,Bobcat,6598362
UOF-4710,Bobcat,6696286
UFF-3039,Bobcat,6695912
UHF-7636,Bobcat,6695913
UHF-6146,Bobcat,6695914
UOF-0172,Bobcat,6665603
UOF-6414,Bobcat,6659329
UFF-1624,Bobcat,6647773
UOF-8752,Bobcat,960698
UFF-9691,Bobcat,3885315
UHF-1682,Bobcat,6559458
UFF-6499,Bobcat,6599194
UAF-4940,Bobcat,6687262
UAF-3405,Bobcat,6687263
UOF-7782,Bobcat,6671057
UAF-1932,Kioti,E723011081
UOF-4710,Kioti,E620132443
UFF-0168,Kioti,T468243172
UFF-2781,Kioti,F680016411
UHF-8110,Kioti,T571038031
UHF-6991,Kioti,T412538021
UHF-8110,Kioti,T462038032
UAF-4143,Kioti,T471011081
UAF-2240,Kioti,T255511011
UOF-0172,Kioti,140517020
UFF-4110,Kioti,T255555411
UHF-4141,Kioti,T255538031
UHF-7098,Kioti,T255538021
UFF-3039,Kioti,8461243160
UHF-7636,Kioti,T218538031
UHF-2479,Kioti,T585546531
UAF-7239,Kioti,T466511541
UFF-6229,Kioti,76KD10331
UHF-6146,Kioti,T219538031
UAF-2240,Kioti,T235011641
UAF-2613,John Deere,CH18287
UAF-8329,John Deere,CH18289
UFF-5313,John Deere,RE62424
UHF-6331,John Deere,AL203060
UFF-4244,John Deere,RE546336
UFF-6981,John Deere,RE526557
UAF-4143,John Deere,4684349
UAF-3582,John Deere,4684350
UOF-1216,John Deere,8980756760
UFF-3889,John Deere,4616543
UFF-4091,John Deere,8972133810
UAF-6381,John Deere,SU20768
UHF-5550,John Deere,SJ11792
UHF-8308,John Deere,SJ11784
UHF-5649,John Deere,AL232896
UFF-7137,John Deere,RE560682
UHF-2125,Kubota,HH3Y082590
UAF-6274,New Holland,82027153
UAF-1402,New Holland,82008601
UOF-0170,New Holland,81879134
UHF-0794,New Holland,84248043
UHF-0019,New Holland,84226258
UHF-3424,New Holland,47465237
UHF-3507,New Holland,82003166
UHF-6841,New Holland,47622189
UFF-5066,New Holland,87801285
UAF-6831,New Holland,73337834
UAF-6591,New Holland,73337833
UHF-4221,New Holland,47862588
UHF-9021,New Holland,47427164
UHF-5979,New Holland,84518613
UFF-0806,New Holland,84171692
UAF-4231,New Holland,47607783
UAF-6476,New Holland,47607784
UFF-5619,New Holland,47509565
UOF-6221,New Holland,5802284013
UHF-9930,New Holland,84581942
UFF-3650,New Holland,5801585394
UFF-6902,New Holland,5801506501
UOF-0787,Ford,F1AZ6731BD
UFF-7583,Ford,2C5Z9155BC
UAF-3720,Ford,7C3Z9601A
UAF-2902,Caterpillar,4152592
UAF-2084,Caterpillar,4152593
UOF-0103,Caterpillar,3776969
UHF-5278,Caterpillar,3621163
UFF-6050,Caterpillar,3635819
UFF-9373,Caterpillar,1G7206
UAF-3445,Caterpillar,4287984
UAF-1279,Caterpillar,4287985
UOF-6221,Caterpillar,4416852
UHF-2479,Caterpillar,937521
UHF-6991,Caterpillar,5I8670
UHF-9355,Caterpillar,1799806
UFF-8931,Caterpillar,3608960
UOF-0103,Caterpillar,3830339
UHF-3511,Caterpillar,4215481
UFF-6452,Caterpillar,1561200
UAF-5566,Caterpillar,4798989
UAF-0449,Caterpillar,4798991
UOF-1012,Caterpillar,3223155
UHF-9355,Caterpillar,2166676
UFF-8070,Caterpillar,5234987
UFF-7527,Caterpillar,5095694
UAF-6274,New Holland,82003726
UHF-9794,New Holland,9821387
UHF-6841,New Holland,F0NNB486AA
UCF-6628,New Holland,47450682
UAF-1932,Genie,62420GT
UOF-5824,Genie,49924GT
UFF-0806,Genie,29560GT
UOF-0172,Genie,94762GT
UFF-8784,Genie,1291205GT
UFF-8318,Genie,62433GT
UOF-8582,Hyundai,11E170140
UAF-0566,Hyundai,E2112103
UAF-8165,Hyundai,E2112104
UHF-9221,Hyundai,31E30018
UHF-9092,Komatsu,20Y6251691
UHF-6190,Hyundai,31E90126
UFF-3489,Hyundai,11E170010
UFF-3052,Hyundai,3930942
UOF-2006,Hyundai,2631693000
UHF-5562,Hyundai,E1310212
UFF-4097,Hyundai,3195093000
UAF-9876,Komatsu,6001816350
UAF-6354,Komatsu,6001816360
UOF-5534,Komatsu,6002115240
UHF-1532,Komatsu,1546012170
UFF-3889,Komatsu,6003117460
UOF-8922,Komatsu,6002112110
UAF-4804,Komatsu,6001817260
UAF-5569,Komatsu,6001817360
UAF-9522,Komatsu,600185310
UAF-9344,Komatsu,6001851320
UHF-8400,Komatsu,21W6041121
UAF-1632,Volvo,VOE11110283
UAF-2006,Volvo,VOE11110284
UOF-3903,Volvo,VOE3831236
UHF-9092,Volvo,14532686
UHF-6190,Volvo,14532687
UHF-7281,Volvo,14500233
UFF-1860,Volvo,20805349
UFF-0861,Volvo,11110683
UAF-1932,Volvo,14519261
UAF-9344,Volvo,14519262
UOF-0103,Volvo,17224245
UHF-6318,John Deere,AL206482/TRANS
UAF-7239,John Deere,SJ16911
UAF-7426,John Deere,SJ16914
UAF-4143,John Deere,PE71011292
UAF-3582,John Deere,PE71011293
UFF-5031,John Deere,PE931260
UHF-0873,John Deere,PE70114566
UHF-2662,John Deere,PE931140
UAF-6228,John Deere,PE10011906
UAF-8100,John Deere,PE10011907
UOF-6648,John Deere,PE68016093
UHF-2885,John Deere,PE78420908
UHF-5405,John Deere,LVA12812
UAF-3045,John Deere,AT20727
UAF-4143,John Deere,AP33330
UX-4936,John Deere,RE45827
UAF-3788,John Deere,RE45828
UFF-1599,John Deere,RE220719
UAF-3530,John Deere,SJ17532
UAF-3973,John Deere,DQ59139
UFF-2563,John Deere,AL153517
UOF-3178,John Deere,RE19626
UHF-3912,John Deere,RE197065
UFF-7885,John Deere,RE539502
UHF-3783,John Deere,RE280728
UAF-4143,John Deere,SU29300
UAF-3582,John Deere,SU29301
UOF-7014,John Deere,DZ114256
UFF-1420,John Deere,DZ122832
UFF-5276,John Deere,DZ122831
UHF-4366,John Deere,RE72823
UFF-9496,John Deere,DZ114096
UAF-2240,New Holland,MT40049450
UOF-3518,New Holland,MT40056451
UFF-1821,New Holland,MT40223960
UHF-3781,New Holland,MT40220109
UHF-3750,New Holland,MT40195621
UAF-7239,New Holland,MT40007575
UAF-7426,New Holland,MT40049447
UHF-7636,New Holland,84475483
UFF-4110,New Holland,SBA360720070
UHF-1271,New Holland,SBA340501020
UOF-9646,New Holland,MT40356015
UFF-6362,New Holland,MT40358122
UFF-7561,New Holland,MT40350134
UOF-0172,New Holland,MT40283380
UFF-5690,New Holland,MT40283326
UFF-7228,New Holland,MT40279917
UAF-7239,CASE,87300179
UAF-7426,CASE,87300181
UFF-5495,CASE,87300040
UHF-7636,CASE,87300044
UOF-8922,CASE,87409203
UHF-6190,CASE,87585172
UHF-9296,CASE,47408372
UAF-5841,CASE,1269652C1
UOF-7324,CASE,1275229C1
UHF-6190,CASE,1282528C1
UOF-7324,John Deere,MIU800646
UHF-0042,John Deere,LVA13038
UAF-9964,John Deere,AR51431
UAF-4717,John Deere,AR61988
UOF-7071,John Deere,AR43634
UHF-4221,New Holland,84476005
UHF-9550,New Holland,84476007
UHF-5357,New Holland,47856167
UAF-1932,New Holland,47794488
UOF-2573,New Holland,47811302
UFF-3894,New Holland,47811305
UFF-0403,New Holland,47619812
UAF-4143,New Holland,47821136
UAF-3582,New Holland,47821137
UOF-1341,New Holland,73379051
UHF-0290,New Holland,4997992
UFF-3650,New Holland,47450037
UFF-6857,New Holland,47450038
UFF-1510,New Holland,47367180
UFF-6409,New Holland,84171722
UOF-4492,New Holland,47135703
UFF-8922,New Holland,47135706
UHF-3990,New Holland,84168726
UHF-7918,New Holland,47128161
UFF-6409,New Holland,84565884
UFF-3039,CASE,87300042
UHF-5357,CASE,84582342
UHF-9550,CASE,87673834
UFF-1510,CASE,84477495
UHF-3990,CASE,84168722
UFF-2301,Kubota,6C83055120
UOF-0135,Toro,1045169
UFF-7190,Toro,1093117
UAF-7239,Toro,110137044
UAF-7426,Toro,110137045
UOF-3646,Toro,490657007
UFF-4110,Toro,490190031
UAF-7239,Hustler,785261
UAF-7426,Hustler,785279
UOF-6726,Hustler,772079
UOF-2687,Hustler,785634
UOF-8933,Hustler,747303
UFF-2338,Hustler,68478
UHF-3937,Hustler,783936
UHF-1825,Hustler,600976
UFF-6887,Hustler,789628
UAF-7239,Kohler,2508301
UAF-7426,Kohler,2508304
UOF-0172,Kohler,5205002
UOF-6726,Kawasaki,490657010
UHF-9743,Exmark,1160164
UFF-2338,Kohler,2505042S
UFF-6723,Kohler,2505050S
UAF-0194,Bad Boy,63500300
UAF-3385,Bad Boy,63500200
UAF-2377,Bad Boy,63209700
UAF-1577,Bad Boy,63100500
UAF-9824,Bad Boy,63100000
UOF-0172,Bad Boy,63500400
UOF-3646,Bad Boy,63209600
UOF-3646,Bad Boy,63801800
USP-0379,,EMPTY
USP-4416,,EMPTY
UFF-2338,Bad Boy,63600000
UHF-1825,Bad Boy,63105000
UAF-7239,Kubota,E718200810
UAF-7426,Kubota,E718200820
UOF-8933,Kubota,E718832110
UFF-2338,Kubota,E718582320
UHF-9363,Kubota,K381114070
UAF-7239,John Deere,MIU12457
UAF-7426,John Deere,MIU12458
UAF-0165,John Deere,MIU11747
UAF-8327,John Deere,MIU11748
UAF-7239,John Deere,M144100
UAF-7426,John Deere,M144098
UOF-3646,John Deere,AM125424
UOF-6726,John Deere,AM107423
UOF-3646,John Deere,AM119567
UFF-6887,John Deere,MIU13224
UHF-6994,John Deere,MIA881446
UAF-3116,DeWalt,110130752
UAF-8410,DeWalt,110137046
UOF-3646,DeWalt,490201M007
UFF-4110,DeWalt,KM490190031
USP-5428,,EMPTY
UHF-1825,DeWalt,HG52114P
UOF-3646,Kawasaki,490650721
UFF-6036,Kawasaki,490190027
UEO-0917,EMPTY,EMPTY
UAF-0102,Kohler,3208309S
UAF-6812,Kohler,3208310S
UIL-6043,Kohler,2505022S
USP-0379,,EMPTY
USP-0379,,EMPTY
UEO-0917,EMPTY,EMPTY
UAF-0764,Kawasaki,110130763
UAF-6039,Kawasaki,110130764
USP-5428,,EMPTY
UFF-6036,Kawasaki,490197001
UAF-0694,Bobcat,7286322
UAF-9657,Bobcat,7221934
UFF-5966,Bobcat,7023589
UHF-0862,Bobcat,7024037
UHF-5187,Bobcat,7319444
UHF-2340,Bobcat,6692337
UHF-4510,Bobcat,7414581
UAF-2557,Bobcat,7008043
UAF-1618,Bobcat,7008044
UOF-0103,Bobcat,6678233
UHF-4204,Bobcat,7012314
UHF-9019,Bobcat,7002734
UHF-1230,Bobcat,7349795
UHF-1230,Bobcat,7414582
UAF-6305,Caterpillar,1106326
UAF-5308,Caterpillar,1106331
UHF-1503,Caterpillar,4215479
UFF-9345,Caterpillar,5416956
UOF-1700,Caterpillar,2201523
UAF-4143,Toro,1083814
UAF-3582,Toro,1083816
UOF-7324,Toro,1257025
UFF-7190,Toro,638300
UHF-0019,Toro,942621
UOF-3518,Ditch Witch,5003348
UFF-2128,Ditch Witch,5006005
UWS-2242,Ditch Witch,5006006
USP-5428,,EMPTY
UAF-3116,John Deere,MIU12555
UAF-8410,John Deere,MIU12554
UHF-1363,John Deere,TCA23150
USP-0379,,EMPTY
UAF-2240,Kubota,LP839959C
UAF-7483,Kubota,LP839962C
UOF-0817,Vermeer,8E66320781
UOF-0817,Vermeer,296368477
UFF-6499,Vermeer,296332092
UFF-6499,Vermeer,163674751
UAF-0165,Bobcat,6690907
UAF-8327,Bobcat,7020361
UHF-9074,Bobcat,6670207
UAF-5219,Caterpillar,5333117
UAF-0823,Caterpillar,5333118
UHF-6273,Caterpillar,1494533
UHF-0009,Caterpillar,5200183
UAF-7916,Caterpillar,5263118
UAF-8728,Caterpillar,5263122
UHF-7060,Caterpillar,2003259
UAF-1932,Caterpillar,1348726
UAF-9344,Caterpillar,1402334
UAF-2483,Mahindra,1735111083
UAF-3745,Mahindra,10560411400
UAF-9642,Mahindra,19480413500
UOF-6633,Mahindra,006000789B91
UFF-3582,Mahindra,E006018618D1
UFF-7612,Mahindra,001081778R93
UHF-7636,Mahindra,19642509000
UHF-5263,Mahindra,19682581000
UAF-2169,Mahindra,10400511200
UAF-0844,Mahindra,19690531100
UOF-4746,Mahindra,MAM0117
UFF-1821,Mahindra,31A6200317
UOF-9956,Vermeer,163736277
UFF-5690,Vermeer,163724658
UHF-2314,Vermeer,163736814
UOF-7806,New Holland,1909102
UFF-0806,New Holland,1930010
UFF-8016,New Holland,1930581
UHF-4202,New Holland,1930986
UAF-4572,Honda,17210ZE2822
UFF-8554,Honda,17672880000
UFF-5704,Honda,16955ZE1000
UOR-3834,Honda,91353671004
UHF-3937,Honda,3951
USP-0083,,EMPTY
UHF-1302,Bobcat,6661022
UAF-2124,Bobcat,6698057
UAF-3094,Bobcat,6698058
UAF-9247,Bobcat,7286652
UAF-5469,Bobcat,7010031
UAF-7239,Toro,1195944
UAF-7426,Toro,1195945
UOF-3646,Toro,1195852
UHF-7132,Toro,1143039
USP-5428,,EMPTY
UAF-8030,Bobcat,6681474
UAF-4820,Bobcat,6681475
UAF-7239,CASE,11MH20100
UAF-7426,CASE,11MH20090
UOF-0817,CASE,11900535151
UOF-2687,CASE,12915035153
UFF-5830,CASE,12990755801
UWS-0216,CASE,12924255730
UHF-7047,CASE,31RF10500
UHF-6739,CASE,31MH01210
UHF-9092,CASE,31MH20320
UEO-0917,EMPTY,EMPTY
UAF-1811,John Deere,MIU14395
UAF-1030,John Deere,MIU14496
UAF-9450,John Deere,M149118
UAF-7834,John Deere,M149119
UHF-6115,John Deere,AM39653
UHF-7845,John Deere,UC24341
UFF-4110,John Deere,UC21217
UAF-2316,Toro,1367806
UAF-1801,Toro,1367804
UOF-9035,Toro,1367848
USP-7134,,EMPTY
UHF-1825,Toro,1093321
USP-0379,,EMPTY
UAF-3116,Excel,603059
UAF-8410,Excel,603058
UOF-3646,Excel,602581
UFF-2802,Excel,604323
UOF-6726,Excel,603138
UFF-4110,Excel,604558
UHF-7784,Massey Ferguson,4309229M1
UHF-1251,Massey Ferguson,4309646M1
UAF-7135,Massey Ferguson,4379574M1
UAF-9971,Massey Ferguson,4379575M1
UOF-2482,Massey Ferguson,V837079728
UFF-3274,Massey Ferguson,V837091436
UAF-6305,Massey Ferguson,2128536K91
UAF-5308,Massey Ferguson,2128537K91
UOF-9321,Massey Ferguson,3908825M1
UAF-0287,John Deere,AT175344
UAF-6939,John Deere,AT175345
UHF-7705,John Deere,AT184206
UHF-5109,John Deere,AT101565
UAF-2240,Yanmar,40049450
UFF-2128,Yanmar,40358122
UHF-3750,Yanmar,40195621
UHF-8170,Yanmar,40220109
USP-5428,,EMPTY
UHF-1825,Scag,HG52114-3400
USP-0379,,EMPTY
UAF-1577,Briggs & Stratton,798897
UOF-3646,Briggs & Stratton,696854
UHF-0051,Scag,HG71943
UOF-6726,Kawasaki,490650724
USP-0083,,EMPTY
USP-0592,,EMPTY
UFF-2295,Briggs & Stratton,695666
UAF-7426,Briggs & Stratton,821136
UAF-1586,Briggs & Stratton,692519
UAF-7385,Briggs & Stratton,692520
USP-0379,,EMPTY
USP-8346,,EMPTY
UHF-1825,Scag,HG52114-2800
UAF-2254,Kohler,3208313S
UAF-4533,Kohler,3208314S
UHF-1825,Scag,HG52114-3100
UAF-9824,Briggs & Stratton,593217
UAF-2569,Kawasaki,110137002
UAF-3219,Kawasaki,110137033
USP-8871,,EMPTY
UAF-3483,Kawasaki,110130727
UAF-1816,Briggs & Stratton,792105
UAF-9690,Briggs & Stratton,792303
USP-0379,,EMPTY
UAF-2240,Kawasaki,110137048
USP-0379,,EMPTY
UAF-9322,Kohler,2408303S
UAF-5032,Kohler,2408305S
UHF-3937,Scag,48758
UAF-0959,Kawasaki,110132213
UAF-3387,Kawasaki,110132199
UFF-7355,Kawasaki,490190032
USP-6062,,EMPTY
UAF-4981,Kawasaki,110137024
UAF-9072,Kawasaki,110137009
UAF-6391,Kohler,4708303S
UAF-0049,Kohler,2408302S
UHF-1609,Scag,48462-01
UAF-7239,Kawasaki,110137020
UAF-7426,Kawasaki,110137019
USP-1210,,EMPTY
UAF-3937,Kohler,6608301S
UAF-8039,Kohler,6608303S
USP-8254,,EMPTY
UAF-1920,Honda,17210759013
UFF-2366,Honda,16910ZE8015
USP-3575,,EMPTY
UAF-2240,Briggs & Stratton,820263
UOF-3646,Briggs & Stratton,492932B
UFF-6036,Briggs & Stratton,84001895
USP-7134,,EMPTY
UAF-7239,Yamaha,21563300
UAF-7426,Yamaha,21563195
UOF-9035,Yamaha,21563100
UFF-2338,Yamaha,21563200
UFF-6499,Kubota,7000043081
UAF-1679,Caterpillar,2465011
UFF-3889,Caterpillar,1504142
UFF-9691,Caterpillar,676987
UFF-2338,John Deere,UC16183
UHF-1825,Kubota,414204506
UHF-4052,Exmark,1094180
UHF-1825,John Deere,MIU13018
UAF-7239,Exmark,1031327
UAF-7426,Exmark,1031326
UFF-9649,Exmark,1258752
UFF-1255,Exmark,1252915
UHF-5187,Exmark,1352252
UFF-4110,Toro,1127836
UOF-6726,Briggs & Stratton,820314
UFF-0168,Briggs & Stratton,820311
UFF-6887,Kohler,2405003S
USP-0379,,EMPTY
UAF-3554,Kawasaki,110132204
UAF-4313,Kawasaki,110132114
USP-0936,,EMPTY
USP-0379,,EMPTY
UFF-8741,Kawasaki,490192115
UFF-9179,New Holland,84561653
UFF-5671,Kubota,K327224210
UAF-1932,Takeuchi,1911102641
UAF-9344,Takeuchi,1911107692
UOF-7324,Takeuchi,Y12915035152
UFF-0523,Takeuchi,Y11980255800
UWS-2242,Takeuchi,Y11980255710
UHF-9762,Takeuchi,1551102600
UHF-4657,Takeuchi,1552000902
UHF-6690,Takeuchi,1550000116
USP-0379,,EMPTY
UAF-7239,John Deere,M170281
UOF-5824,John Deere,AM145365
UFF-0495,John Deere,AM117584
USP-8750,,EMPTY
USP-6847,,EMPTY
UAF-8336,John Deere,M177598
UFF-3410,John Deere,UC16096
UFF-4110,John Deere,AM876035
UOF-9035,John Deere,MIU13555
UFF-8943,John Deere,MIU13548
UHF-1609,John Deere,M131053
USP-0083,,EMPTY
USP-6062,,EMPTY
USP-1956,,EMPTY
UFF-8451,Caterpillar,4165884
UAF-0959,John Deere,M152049
UAF-9236,John Deere,M148207
UAF-0165,John Deere,AUC13456
UAF-8327,John Deere,AUC13455
UAF-7426,Bobcat,7025283
UOF-3518,Bobcat,7018465
UFF-5439,Bobcat,6988961
UOF-3039,Bobcat,7257441
UOF-2687,Yanmar,12915035152
UFF-9570,Yanmar,129A0055730Ā
UFF-9649,Yanmar,129A0055800
UHF-5997,Takeuchi,1551200601
UAF-6305,ASV,201510
UAF-5308,ASV,201533
UOF-5824,ASV,404518
UFF-7847,ASV,404520
UFF-0796,ASV,404519
UHF-6719,ASV,404161
UHF-3937,ASV,2046286
UHF-5132,Ferris,5101987X2
UAF-0035,John Deere,AT65088
UHF-9279,John Deere,AT67957
UFF-6563,John Deere,AL67975
UFF-5107,CASE,47357911
UHF-8514,CASE,47833556
UHF-8514,CASE,84255607
UOF-5859,CASE,4897898
UFF-9030,CASE,84209753
UFF-0550,CASE,87803445
UFF-3606,CASE,87803200
UFF-6472,CASE,5801477167
UFF-0550,CASE,84565926
UHF-8514,CASE,47668040
UFF-3606,CASE,504292579
UAF-8469,John Deere,RE596317
UAF-1157,John Deere,RE596318
UHF-3137,John Deere,RE596661
UHF-1444,John Deere,RE269061
UFF-6937,John Deere,RE517181
UFF-4097,Kubota,HH1J043170
UHF-0398,CASE,181167A1
UHF-3776,Kubota,HH67037710
UOF-0663,Caterpillar,1R0734
UHF-9794,Caterpillar,1G8878
UFF-9960,Caterpillar,2339856
UOF-7782,Ventrac,13.0267
UHF-8902,Ventrac,21.0124
USP-3077,,EMPTY
UAF-7239,Ventrac,13.006
UAF-7426,Ventrac,13.0061
UFF-2338,Ventrac,13.0053
UHF-5073,Hydro Gear,71943
UAF-4143,CASE,222425A1
UAF-3582,CASE,222429A1
UHF-1926,CASE,D126922
UOF-3178,CASE,A37189
UFF-2218,CASE,D53499
UHF-0662,CASE,A39578
UFF-9691,CASE,A51346
UFF-1746,CASE,A35863
UHF-6129,CASE,222759A1
UFF-3489,CASE,A77470
UFF-0806,CASE,J843760
UHF-5748,CASE,1346028C1
UAF-2511,CASE,N6778
UAF-4047,CASE,N6777
UFF-9059,CASE,A39867Ā
UFF-3940,CASE,A39868Ā
UOF-6221,CASE,48138563
UHF-0019,CASE,87010593
UOF-6221,CASE,87679496
UFF-1393,CASE,87679502
UHF-8514,CASE,84278070
UFF-1624,CASE,87039679
UHF-9296,CASE,SBA340500850
UOF-2018,CASE,86402050
UHF-9296,CASE,SBA340500920
UFF-9030,CASE,84526251
UOF-9444,CASE,2856715
UFF-1972,ASV,7071981
UFF-1340,ASV,7071982
UOF-2687,ASV,12915035160
UAF-4143,ASV,2014836
UAF-3582,ASV,2014837
UOF-0135,ASV,7071952
UAF-3045,Ditch Witch,195817
UAF-4163,Ditch Witch,195818
UOF-5824,Ditch Witch,195849
UFF-9261,Ditch Witch,195807
UHF-3507,Ditch Witch,159074
UOF-0172,Ditch Witch,153113
UAF-6797,John Deere,AL230505
UAF-2164,John Deere,AL225872
UHF-4847,Kubota,HHK3216772
USP-0379,,EMPTY
UAF-6518,Kubota,V053143150
UAF-8963,Kubota,V053143140
UHF-4480,Kubota,V053165170
UHF-1246,Kubota,V053165330
UHF-5381,Kubota,HHV1065050
UHF-6556,Kubota,RG26862180
UHF-0019,Terex,307921
UAF-1656,Yanmar,12429512560
UHF-4052,Gehl,132023
UFF-8922,Gehl,132024
UIL-6043,Gehl,137794
UOF-0172,Mahindra,MAM0371
UFF-2128,Mahindra,31S9403400
UAF-1932,Mahindra,006000455F1
UAF-9344,Mahindra,006000456F1
UHF-2358,Mahindra,13152302100
UAF-6388,Mahindra,35530501800
UFF-5495,Mahindra,MM404879
UHF-3059,John Deere,FYA00016054
UFF-6626,Kubota,1J43043060
UOF-1574,Kubota,1J77005810
UOF-2846,Mahindra,2031600000
UFF-2561,Mahindra,001082448R92
UHF-7201,Mahindra,000051215D01
UAF-8795,Mahindra,005555890R91
UOF-5559,Mahindra,006017310B1
UOF-6839,Mahindra,005553593R91
UAF-5081,Mahindra,14161010082
UOF-4710,Mahindra,14501673991
UHF-6110,Mahindra,12305152100
UHF-5187,Mahindra,14722302100
UAF-2465,Mahindra,15541012221
UAF-7773,Mahindra,15541012230
UHF-8100,Mahindra,16705105000
UHF-0240,Mahindra,15005153010
UHF-8837,Mahindra,15532302100
UHF-4869,Mahindra,17975152101
UAF-0672,Mahindra,17401012221
UAF-4820,Mahindra,17401012231
UOF-3445,Mahindra,006008803F1
UHF-8110,Mahindra,17685153140
UAF-5677,Mahindra,35460501800
UHF-8961,Mahindra,10382585000
UHF-1271,Mahindra,11812303000
UOF-8922,Mahindra,31S9402160
UHF-7781,Mahindra,000013427P04
UAF-6305,Mahindra,006000789F1
UAF-5308,Mahindra,006000790F1
UFF-4585,Mahindra,006006648D1
UOF-6260,Mahindra,006016642V91
UAF-9355,Mahindra,1109150DAF
UOF-2577,Mahindra,1012160DAB
UFF-4760,Mahindra,1117001DAH
UHF-4543,Mahindra,9540052BBS
UHF-0574,Mahindra,007202702C1
UAF-1452,Mahindra,006008799F1
UAF-4609,Mahindra,006008798F1
UHF-3507,Mahindra,E007205888D1
UOF-3224,Mahindra,006013351C1
UAF-4143,Mahindra,006019167C1
UAF-3582,Mahindra,006019168C1
UHF-2421,Mahindra,007206723B1
UAF-7135,Mahindra,E006026519D1
UAF-9971,Mahindra,E006026518D1
UHF-5255,Mahindra,E007206626D1
UAF-9855,Mahindra,18711032010
UAF-3623,Mahindra,18711032020
UAF-9855,Caterpillar,3466687
UAF-3623,Caterpillar,3466688
UHF-8992,Mahindra,19025172120
UHF-4742,Mahindra,19025153110
UHF-6290,Mahindra,005556039R91
UFF-1987,Mahindra,12933555780
UOF-4746,Mahindra,EA00003786B
UFF-2128,Mahindra,HK13010022A2
UFF-2134,Mahindra,16731112130
UAF-8732,Mahindra,10550405200
UAF-2513,Mahindra,19021032010
UAF-9515,Mahindra,19021032020
UOF-8466,Mahindra,Y2654407
UFF-8615,Caterpillar,1R1804
UAF-6537,Mahindra,18711032000
UOF-7134,Mahindra,40050800064
UFF-9534,Mahindra,40050400115
UFF-4632,John Deere,R536698
UOF-3518,LS Tractor,40356015
UOF-3949,LS Tractor,40274367
UFF-1821,LS Tractor,40223960
UOF-3518,LS Tractor,40219853
UAF-7239,Takeuchi,Y11980812520
UAF-7426,Takeuchi,1911102772
UOF-7324,Takeuchi,Y12915035153
UFF-5830,Takeuchi,Y12990755801
UHF-5534,Takeuchi,1551200703
UFF-0010,Kohler,2405002
UAF-1545,Kohler,4508302S
UAF-3987,Kohler,4508301S
UFF-0010,Toro,1083831
UFF-5349,Toro,1395916
UFF-9570,Takeuchi,Y129A0055730
UAF-2074,New Holland,84479228
UAF-8844,New Holland,84479225
UAF-9522,New Holland,82028977
UAF-1435,New Holland,87683000
UOF-0170,New Holland,5802872619
UFF-8650,New Holland,5802541169
UFF-6472,New Holland,5802541167
UHF-4515,New Holland,48132435
UHF-3507,New Holland,48131202
UAB-6982,New Holland,87638772
UHF-1273,New Holland,87708150
UHF-7696,New Holland,47715391
UHF-9794,New Holland,48142231
UHF-7418,New Holland,48142232
UAF-0647,Kubota,3J08010872
UAF-1848,Kubota,3J08010860
UOF-5655,Kubota,HH1G032430
UHF-0930,Kubota,3J08010880
UHF-1082,Kubota,3J08010890
UHF-9794,Kubota,3J02808960
UHF-6318,Kubota,3J08015580
UAF-2240,Kubota,K285182320
UAF-1932,Kioti,TC261225A
UAF-9344,Kioti,T219811071
UAF-2073,John Deere,AL215053
UHF-6631,John Deere,AL203341
UHF-6631,John Deere,AL232898
UAF-4732,Komatsu,6001816540
UAF-1980,Komatsu,6001816560
UOF-4955,Komatsu,6732515140
UFF-3750,Komatsu,6003119121
UFF-3489,Komatsu,6732716112
UHF-8582,Komatsu,706301100
UCF-6628,Komatsu,6004111191
UOF-5534,Komatsu,6002115242
UAF-7306,Komatsu,6001819460
UAF-0845,Komatsu,6001819480
UFF-2977,Komatsu,6003118222
UOF-9035,Toro,1204276
UFF-4110,Toro,1331563
UOF-5824,Deutz,1174416
UAF-4143,Deutz,230926003
UAF-3582,Deutz,296436504
UOF-7782,Toro,1158189
UFF-5830,Kubota,1G39043172
UFF-6452,Cushman,272153901
UFF-6499,Jacobsen,4136009
UAF-2711,Kubota,TC8209320
UFF-1994,FASS,FF3003
UFF-8064,FASS,FS1001
UAF-9973,Bobcat,7386225
UAF-8255,Bobcat,7386224
UHF-8252,Bobcat,7334208
UFF-9691,John Deere,AT17387
UAF-3045,John Deere,AT20728
UAF-3108,John Deere,AR39798
UAF-5881,John Deere,AH19848
UAF-9919,John Deere,AR44774
UAF-4981,John Deere,AR46481
UAF-7600,John Deere,AR46976
UOF-4549,John Deere,AR26350
UFF-1126,John Deere,AR45098
UFF-5391,John Deere,AR44077
UFF-9451,John Deere,AR50141
UHF-8573,John Deere,R27173
UHF-3750,Stens,120710
UHF-3750,Exmark,1032146
UFF-7190,Exmark,1092678
UFF-0806,Exmark,1160289
UFF-6036,Exmark,691035
USP-6062,,EMPTY
UFF-2338,Kawasaki,490191055
UOF-6726,Kawasaki,490652078
UAF-2240,Kawasaki,932195
UAF-1675,Kawasaki,110130728
UAF-7848,Kawasaki,110137023
USP-0936,,EMPTY
UAF-2240,Kawasaki,110137029
USP-8871,,EMPTY
UAF-2267,Briggs & Stratton,394018S
UAF-0049,Briggs & Stratton,272490S
UAF-2062,Kohler,1208310S
UAF-7899,Kohler,1208312S
UOF-1597,Branson,EA00004647A
UFF-6249,Branson,EA00005318A
UFF-4091,TYM,14171020090
UAF-4143,TYM,13831221120
UOF-2687,TYM,EA00003786C
UFF-6934,TYM,HK13010000C2
UFF-9570,Yanmar,129A0055730
UAF-7239,Yanmar,13151035020
UAF-7239,Toro,1083810
UOF-3518,Toro,1354181
UOF-5324,Briggs & Stratton,595930
UOF-3646,Toro,492932S
USP-0379,,EMPTY
UFF-5692,Toro,394358S
UAF-7355,Toro,698083
UAF-5944,Toro,697015
UHF-3937,Bobcat,6515541
UAF-4572,Ditch Witch,194222
UOF-2687,Ditch Witch,159209
UOF-8933,Ditch Witch,157630
UFF-3818,Ditch Witch,159244
UFF-6152,Ditch Witch,194669
UAF-4143,CASE,11S740120
UAF-3582,CASE,11S740130
UOF-0817,CASE,XJAU01138
UFF-9649,CASE,XJAU01190
UFF-9570,CASE,XJAU01355
UHF-0654,CASE,31M570020
UX-4936,John Deere,M132089
UAF-6305,New Holland,82981152
UAF-5308,New Holland,82981153
UOF-4374,New Holland,86990958
UFF-0806,New Holland,73175965
UHF-0398,New Holland,86982180
UOF-0172,ASV,304398
UAF-2240,Ditch Witch,195280
USP-1210,,EMPTY
UFF-4507,Ditch Witch,5002975
UAF-5250,Neuson,1000004566
UAF-2991,Neuson,1000004567
UOF-7324,Neuson,1211072
UHF-3937,LS Tractor,40007563
UOF-3518,LS Tractor,40056451
UAF-2240,NiftyLift,P17809
UOF-7782,NiftyLift,P13285
UFF-6229,NiftyLift,P13339
UFF-4110,NiftyLift,P24963
UHF-9232,NiftyLift,P13937
UHF-3650,Kubota,V052165450
UHF-9746,Kubota,V052165150
UAF-7239,Gravely,21548800
UAF-7426,Gravely,21548700
UOF-6726,Gravely,21535800
UFF-4110,Gravely,21548101
USP-5428,,EMPTY
UHF-1825,Gravely,21545100
UHF-5600,Kubota,RD46162120
UAF-3445,SkyJack,165949
UAF-1279,SkyJack,165950
UAF-6305,SkyJack,704560
UAF-5308,SkyJack,706549
UAF-3445,SkyJack,165947
UAF-1279,SkyJack,165948
UOF-5824,SkyJack,147072
UOF-0135,SkyJack,194643
UFF-0796,SkyJack,164772
UFF-7847,SkyJack,164771
UHF-7485,SkyJack,138402
UFF-9261,SkyJack,147071
UFF-4110,SkyJack,136118
UAF-1932,SkyJack,751678
UAF-9344,SkyJack,751677
UOF-7861,SkyJack,147120
UFF-8943,SkyJack,142301
UOF-5512,SkyJack,212981
UFF-5598,SkyJack,212840
UFF-5830,Hyundai,XJAU00949
UWS-0216,Hyundai,XJAU00956
UAF-7239,Branson,HRA0500702A9
UHF-8098,Branson,TA00025525C
UHF-3750,Branson,TA00043153C
UAF-6698,Kawasaki,110130807
UHF-7636,Kubota,TA04037710
UHF-4052,Excel,768341
UAF-9472,Kohler,3208306S
UAF-9723,Kohler,3208308S
UAF-6602,Briggs & Stratton,499486S
UAF-7929,Briggs & Stratton,273638S
UAF-7435,Kohler,3208303S
UAF-4981,Kawasaki,110137027
UAF-0327,Kohler,2008306S
UFF-5692,Briggs & Stratton,394358
UAF-7355,Briggs & Stratton,795115
UAF-1796,Briggs & Stratton,496894S
UAF-3834,Briggs & Stratton,272403S
UHF-2270,John Deere,AT367635
UOF-0135,SkyJack,194642
UHF-7761,SkyJack,161947
UHF-7729,SkyJack,161948
UFF-0010,SkyJack,139254
UOF-6944,Briggs & Stratton,84007094
UOF-0135,Toro,1001892
UFF-8820,Toro,1129188
UHF-1609,Toro,678110
UAF-4006,JLG,70024177
UAF-7886,JLG,70024176
UOF-8922,JLG,70024278
UFF-9649,JLG,70022846
UFF-2307,JLG,70023812
UHF-5023,JLG,1319726
UHF-7735,JLG,8320265
UOF-0172,JLG,8036204
UAF-1632,JLG,1101312
UAF-2006,JLG,1101313
UFF-4752,JLG,70024156
UHF-7735,JLG,7301252
UHF-5668,JLG,1001199205
UHF-1395,JLG,70024152
UAF-5670,JLG,70025852
UAF-7853,JLG,70025853
UOF-5859,JLG,70026237
UFF-8144,JLG,70026234
UFF-1127,JLG,70026453
UFF-7492,JLG,70026801
UAF-1811,Briggs & Stratton,594201
UAF-1030,Briggs & Stratton,797704
UAF-1836,Sullivan-Palatek,19005220161
UAF-0362,Sullivan-Palatek,19005220162
UFF-5690,Sullivan-Palatek,50181550042
UFF-5690,Kohler,2175318
UOF-9956,Kohler,ED0021750010
UAF-4488,Toro,1408326S
UAF-9872,Toro,1708312S
UOF-0172,Toro,1405036S
UFF-9804,Toro,1405030S
USP-3626,,EMPTY
UAF-9386,John Deere,UC11955
UIL-6043,Ferris,5021178X3FS
UHF-4052,Wright,34490002Ā
USP-0379,,EMPTY
UOF-0172,John Deere,AM101207
UAF-1816,John Deere,MIU11515
UAF-9690,John Deere,MIU11517
UAF-1577,John Deere,MIU13120
UAF-9824,John Deere,UC10250
UOF-5682,John Deere,AUC12916
UAF-6391,John Deere,M47494
UAF-0049,John Deere,M132439
UAF-4981,John Deere,M150403
UAF-4981,John Deere,M150949
UAF-9072,John Deere,M140295
USP-8871,,EMPTY
UHF-7845,John Deere,AM116156
UHF-5823,John Deere,M146082
UAF-7435,John Deere,MIU11943
UAF-5852,John Deere,MIU11944
UHF-6286,John Deere,TCA18710
UAF-1932,Yanmar,12990612520
UAF-9344,Yanmar,11900512571
UFF-0523,Yanmar,11980255801
UAF-7239,Vermeer,180009956
UAF-7426,Vermeer,180009957
UOF-3646,Vermeer,180028236
UFF-7791,Vermeer,180027233
UAF-1453,Yanmar,1A824005110
UAF-2935,Yanmar,1A824005120
UFF-1331,Yanmar,129A2355800
UHF-6991,Yanmar,1A718048191
UIL-6043,Wright,34490003
UFF-2338,Wright,34490006
UAF-1723,John Deere,UC28887
UAF-3963,John Deere,UC28888
UOF-3646,Briggs & Stratton,795890
UHF-7636,Kubota,3374082630
UHF-7012,Kubota,3586182630
UAF-2931,Kubota,1730111080
UAF-7773,Kubota,1730111180
UOF-5655,Kubota,HH16032430
UFF-9691,Kubota,1545143560
UAF-3116,Ariens,21548000
UOF-3646,Ariens,21548100
UFF-4110,Ariens,21573800
UAF-0102,Ariens,21555500
UOF-0172,Ariens,21397200
UFF-2338,Ariens,21545700
USP-0379,,EMPTY
UOF-0172,Ariens,20715100
UIL-6043,Ariens,21541500
UAF-3116,Bobcat,7451769
UOF-3646,Bobcat,7463097
UFF-4110,Bobcat,7457774
USP-5428,,EMPTY
UAF-6854,Bobcat,7451770
USP-0083,,EMPTY
UFF-7355,Bobcat,7457782
USP-0083,,EMPTY
UAF-0194,Kubota,E717200430
UAF-9423,Kubota,E717200440
UOF-0172,Kubota,E719432112
UHF-1825,Kubota,K104281080
UAF-0194,Kohler,1608304S
UAF-0578,Kohler,1608305S
UAF-1816,Kubota,E718101090
UAF-9690,Kubota,E718101130
UOF-3646,Kubota,E718101250
UFF-2338,Kubota,E718101860
USP-0379,,EMPTY
USP-0379,,EMPTY
UFF-2338,Kubota,E721111170
UAF-4905,Kubota,E721111430
UAF-1577,Kubota,E717800160
UAF-3116,Kubota,E715610010
UAF-8410,Kubota,E715610020
UFF-4110,Kubota,E715610280
UOF-3646,Kubota,E717410550
USP-7134,,EMPTY
UHF-7132,Parker,936757Ā
UHF-6994,Toro,1365409
UFF-5427,Bobcat,7380039
UHF-2720,Bobcat,6695918
UHF-6139,Bobcat,7375650
UAF-4363,Bobcat,7491789
UHF-7729,JLG,2120149
UAF-2240,Kubota,K121182321
UHF-1118,Hydac,1262969
UHF-7784,Hydac,1262050
UHF-1118,Genie,88917
UHF-5953,JLG,70002097
UHF-1118,Genie,77353GT
UAF-4143,JLG,91403102
UHF-8023,JLG,2120168
UHF-5953,JLG,2120210
UFF-7847,Deutz,4137456
UAF-7239,JLG,70003783
UHF-0004,JLG,70010383
UHF-7784,Genie,60857
UHF-6457,Genie,1282117GT
UHF-4095,JLG,70005335
UAF-1932,Kubota,TC63093230
UAF-9344,Kubota,TC63093220
UAF-1452,Bobcat,7003489
UAF-4609,Bobcat,7003490
UHF-6994,Tuff Torq,1A637026450
UFF-3889,ASV,304394
UHF-1742,ASV,304436
UAF-1932,Genie,77295GT
UOF-8922,Genie,119139GT
UFF-1022,Genie,72346GT
UHF-1118,Genie,88917GT
UHF-9000,Genie,60857GT
UFF-9691,Genie,62421GT
UFF-7847,Genie,214228GT
UFF-0796,Genie,236260GT
UFF-8943,Genie,1272019GT
UAF-3045,Genie,27916GT
UAF-4143,Genie,62425GT
UOF-8752,Genie,102632GT
UOF-6221,Genie,218835GT
UFF-0999,Genie,108543GT
UFF-0553,Genie,218811GT
UFF-8615,Genie,102639GT
UHF-4626,Genie,101960GT
UOF-3903,Genie,131323GT
UAF-9337,Grasshopper,100939
UOF-0817,Grasshopper,100805
UFF-6499,Grasshopper,101004
UHF-6072,Grasshopper,100855
UHF-3937,Grasshopper,100860
UFF-4110,Grasshopper,101005
UOF-7324,Grasshopper,100800
UAF-7239,Grasshopper,100936
UAF-7426,Grasshopper,100937
UAF-5110,Kubota,TC82093230
UFF-4742,John Deere,AM136739
UAF-0165,Walker,20901
UAF-8327,Walker,20903
UIL-6043,Walker,5020
USP-0379,,EMPTY
UHF-1825,Walker,20266
UAF-4979,Kohler,1708321S
UAF-8746,Kohler,1708315S
USP-8388,,EMPTY
UAF-2240,Walker,50901
UAF-7483,Walker,50903
UAF-3503,Walker,110132188
UIL-5408,Walker,490192095
USP-0083,,EMPTY
UAF-0556,Walker,110132189
UAF-3293,Walker,50906
UAF-9663,Walker,50905
UHF-1825,Walker,502413
UFF-2128,Yanmar,12905355620
UFF-8680,Kohler,ED0021752880S
UOF-1618,Kohler,2175283S
UAF-9720,Walker,50908
UAF-4046,Walker,50907
UHF-8110,Bobcat,7379332
UHF-6991,Bobcat,7002299
USP-1956,,EMPTY
UFF-9273,Kubota,1J30143170
UAF-4143,Takeuchi,1911262203
UAF-3582,Takeuchi,1911262202
UFF-1374,Kubota,RD45151940
UAF-7239,Sany,160602020056A
UAF-7426,Sany,160602030042A
UOF-7040,Sany,60276787
UFF-0523,Sany,160604020124B
UFF-4518,Sany,GLQ007229628
UWS-2242,Sany,60276913
UHF-9575,Sany,A222100000119
UHF-1309,Sany,GLQ009253930
UHF-7266,Sany,60167908
UHF-0299,Vermeer,273332001
UAF-6305,Vermeer,220166005
UAF-5308,Vermeer,118496003
UOF-5824,Vermeer,163674728
UAF-5362,John Deere,AR79941
UAF-7068,John Deere,AR79942
UAF-3135,John Deere,AR79680
UAF-5751,John Deere,AR79679
UAF-2326,John Deere,AR80652
UAF-8707,John Deere,AR80653
UOF-8459,John Deere,DZ101880
UCF-3122,John Deere,RE11992
UHF-3578,John Deere,AR94510
UHF-7990,John Deere,AR98098
UAF-7239,Takeuchi,1911102771
UOF-7040,Takeuchi,Y11900535150
UFF-5830,Takeuchi,Y12990755800
UHF-6784,Takeuchi,1551103300
UFF-1987,Takeuchi,Y17108055910
UAF-7483,Takeuchi,1911101342
UHF-2479,Takeuchi,1551035110
UFF-0523,Takeuchi,Y12900455801
UFF-0523,Takeuchi,11980255800
UFF-5830,Takeuchi,12390755800
UAF-1932,Takeuchi,Y12906212560
UAF-9344,Takeuchi,Y11900512571
UOF-7324,Takeuchi,Y12915035150
UFF-5712,Takeuchi,Y12990155850
UAF-6305,Takeuchi,IF10604003F
UAF-5308,Takeuchi, IF10604002F
UFF-3889,Takeuchi,I8971725491
UOF-7628,Takeuchi,I1132402322
UHF-6179,Takeuchi,1551103400
UOF-7628,Takeuchi,1132402321
UAF-6305,Takeuchi,12993512520
UAF-5308,Takeuchi,11916012570
UHF-9296,Takeuchi,1551000220
UOF-7040,Takeuchi,Y11900535100
UFF-5830,Takeuchi,Y12390755801
UAF-6305,Takeuchi,2981113
UAF-5308,Takeuchi,2981124
UOF-5042,Takeuchi,3960201
UFF-9261,Takeuchi,2610831
UHF-4185,Takeuchi,1003685
UAF-8935,Takeuchi,2991546
UAF-3582,Takeuchi,2991557
UOF-2018,Takeuchi,8018798
UOF-0021,Takeuchi,8010489
UFF-5131,Takeuchi,8018799
UFF-9691,Takeuchi,8010490
UHF-1742,Takeuchi,8012354
UHF-1577,Takeuchi,8012138
UAF-2240,Takeuchi,K1G65911222
UHF-6285,Takeuchi,1551101300
UHF-1901,Takeuchi,1550010150
UAF-3445,Takeuchi,1911113001
UAF-1279,Takeuchi,1911113002
UHF-0208,Takeuchi,1550100120
UAF-6701,Takeuchi,1911114001
UAF-2349,Takeuchi,D01180871
UOF-5042,Takeuchi,1903900216
UFF-0796,Takeuchi,D04130241
UFF-1895,Takeuchi,1903900218
UAF-2902,Takeuchi,12993912621
UAF-2084,Takeuchi,12993912630
UAF-3445,Takeuchi,K1G37711210
UAF-1279,Takeuchi,K1G37711220
UOF-0135,Takeuchi,K1C02032430
UFF-9960,Takeuchi,2045218
UOF-0663,Takeuchi,404359
UHF-8167,JLG,70002231
UFF-1496,Racor,R12S
UHF-4443,Takeuchi,1551104300
UOF-3646,Kohler,2805001
UHF-1825,Hydro Gear,52114
UFF-8682,Kohler,2505007S
UOF-1097,Kubota,1584132439
USP-5328,,EMPTY
UAF-7586,Caterpillar,5263119
UAF-7829,Caterpillar,5263123
UOF-0426,Caterpillar,5698036
UFF-9530,Caterpillar,5236602
UFF-0911,Caterpillar,5405119
UHF-2566,Caterpillar,5900889
UHF-4589,Caterpillar,3481862
UAF-7239,Caterpillar,1213661
UAF-7426,Caterpillar,1467473
UFF-4427,Caterpillar,4632166
UOF-8752,Caterpillar,7W2326
UFF-6565,Caterpillar,4794133
UFF-6680,Caterpillar,5256205
UOF-7069,Caterpillar,2735711
UAF-9176,Caterpillar,4N0326
UAF-8868,Caterpillar,4N0313
UHF-2246,Caterpillar,1R0713
UFF-1123,Caterpillar,9M2341
UFF-2246,Caterpillar,1P2299
UFF-9595,Caterpillar,9L9100
UHF-2264,Caterpillar,2P5834
UHF-9486,Caterpillar,1208757
UFF-1599,Caterpillar,9R9925
UFF-3546,Caterpillar,1596102
UFF-4013,Caterpillar,1383100
UAF-6222,Caterpillar,2229020
UAF-9105,Caterpillar,2229021
UOF-1296,Caterpillar,4621171
UFF-4076,Caterpillar,4794131
UFF-2059,Caterpillar,5256206
UHF-3507,Caterpillar,1446691
UAF-6010,Caterpillar,5263121
UAF-9831,Caterpillar,5263125
UFF-5830,Takeuchi,12990755810
UHF-3216,John Deere,RE205726
UFF-2894,John Deere,AR103220
UHF-1243,John Deere,AL156624
UAF-3426,John Deere,RE67124
UAF-7065,John Deere,RE34963
UAF-9952,John Deere,RE65880
UAF-6747,John Deere,RE34967
UFF-9363,John Deere,RE522687
UHF-4391,John Deere,RE161181
UAF-5058,Volvo,11110175
UAF-2686,Volvo,11110176
UOF-3903,Volvo,3831236
UFF-0292,Volvo,21409660
UHF-7877,Volvo,11445025
UHF-9794,Volvo,110366077
UAF-8282,Caterpillar,7W5389
UAF-4460,Caterpillar,8N4901
UOF-3126,Caterpillar,1R0714
UAF-8282,Caterpillar,4M3047
UAF-7405,Caterpillar,2S1285
UOF-8108,Caterpillar,5S0484
UHF-9486,Caterpillar,9M9740
UAF-2249,New Holland,1930605
UAF-3788,New Holland,1930825
UOF-7806,New Holland,84221215
UFF-8016,New Holland,84217953
UHF-4202,New Holland,84399618
UFF-0454,New Holland,2854796
UFF-2128,Moffett,1627143560
UHF-5835,Moffett,M5000220002
UFF-5427,Kioti,EH350011A
UHF-4083,Toro,866110
UHF-8902,Genie,84356GT
UAF-3039,Caterpillar,2934053
UAF-4444,Caterpillar,2277449
UFF-5066,Caterpillar,2289130
UHF-7284,Caterpillar,4717003
UAF-9855,Caterpillar,5280585
UOF-1973,Caterpillar,5580428
UFF-0553,Caterpillar,3113901
UFF-5153,Caterpillar,3619554
UFF-3252,Caterpillar,4415111
UFF-7914,Bobcat,7374363
UFF-1423,Caterpillar,5236604
UAF-2240,Caterpillar,1394834
UAF-7483,Caterpillar,2349828
UOF-3518,Caterpillar,3769707
UFF-2128,Caterpillar,3727352
UFF-1987,Caterpillar,3727361
UHF-3454,Caterpillar,3721101
UHF-9486,Caterpillar,3047195
UAF-7239,Caterpillar,1467472
UOF-0817,Caterpillar,1200664
UHF-5283,Caterpillar,3047196
UFF-9924,Kubota,1G41052300
UFF-9208,Kubota,1J52043060
UFF-6109,Kubota,V052151940
UHF-8022,Kubota,3B48182620
UHF-3808,Caterpillar,1430588
UFF-0796,Gehl,50302445
UFF-1860,Gehl,50302441
UHF-3751,Gehl,50292966
UWS-2242,Caterpillar,3860647
UHF-6399,Caterpillar,3792889
UFF-4091,Caterpillar,3792639
UHF-7895,Caterpillar,5199926
UAF-7426,Kubota,1G99411210
UHF-7636,Kubota,3468037710
UAF-4454,Caterpillar,5696762
UAF-3514,Caterpillar,5696763
UHF-4506,Caterpillar,5752548
UOF-4746,Caterpillar,1992239
UFF-3890,Caterpillar,5902978
UHF-8025,Caterpillar,5290121
UAF-5881,JLG,7012664
UOF-5824,JLG,7016331
UOF-7566,JLG,7021869
UOF-0634,JLG,7021868
UOF-2687,JLG,7022111
UFF-9261,JLG,7020023
UFF-2144,JLG,2120169
UFF-1599,JLG,91083218
UFF-3889,JLG,7022113
UHF-3937,JLG,2120158
UHF-6487,JLG,2120150
UFF-6203,Kubota,RG51851130
UAF-3745,Yanmar,172B0611510
UHF-5789,Yanmar,17217573710
UHF-6072,Hydro Gear,51563
UHF-3454,Kubota,R561162220
UAF-5081,Massey Ferguson,579873M1
UOF-0694,Massey Ferguson,3435171M1
UFF-6499,Massey Ferguson,TRA8023395
UHF-0686,Massey Ferguson,3435446M1
UOF-0172,New Holland,SBA140517050
UFF-7194,Caterpillar,1R0740
UHF-3750,Ventrac,21.0122
UAF-7590,Toyota,17743U223071
UOF-9342,Toyota,90915YZZF1
UFF-8508,Toyota,2.33008E+11
UHF-3817,Toyota,3.26701E+11
UHF-0576,Toyota,67502U223071
UOF-9342,Toyota,1.56018E+11
UFF-2368,Toyota,2.38542E+11
UHF-1621,Toyota,6.75022E+11
UFF-4097,Caterpillar,5I7951
UAF-2240,SkyJack,137924
UOF-7782,SkyJack,137850
UHF-3937,SkyJack,108628
UAF-2240,SkyJack,132913
UOF-7782,SkyJack,216534
UAF-6398,Massey Ferguson,242490403
UAF-7239,Komatsu,YM11980812520
UAF-7426,Komatsu,YM12905112530
UOF-7324,Komatsu,YM12915035151
UWS-0216,Komatsu,YM12924255730
UFF-0523,Komatsu,YM11900055601
UHF-2698,Komatsu,3EC6671540
UHF-8780,Komatsu,22L6022120
UAF-4966,Scag,4810066
UOF-4978,Scag,4810036
UFF-3611,Scag,4810045
USP-8581,,EMPTY
UAF-0439,Komatsu,6001822710
UAF-6433,Komatsu,6001823230
UOF-8125,Komatsu,6136515120
UFF-3750,Komatsu,6003119101
UHF-0899,Komatsu,2079705121
UHF-1118,JLG,70001960
UAF-4143,Doosan,35393685
UAF-3582,Doosan,35393651
UOF-0135,Doosan,22496905
UFF-8401,Doosan,22532378
UOF-0303,Toro,1083841
UFF-0806,Toro,1109049
UFF-2338,Toro,987612
UAF-5749,Kubota,TE11242280
UAF-2836,Kubota,TE11216370
UFF-0671,Kubota,6C83055220
UFF-9373,JLG,7027245
UAF-3445,Genie,07.0700.0040GT
UAF-1279,Genie,07.0700.0041GT
UFF-1895,Genie,823057GT
UHF-1760,Genie,7126349GT
UAF-9493,Genie,1256219GT
UAF-6577,Genie,1256220GT
UAF-6701,Genie,710904GT
UAF-2349,Genie,710914GT
UAF-2240,Generac,16444
UFF-6499,Generac,13515
UOF-7040,Generac,10775
UAF-5841,Trime,K1921511220
UOF-7782,Trime,KW21ESO1500
UFF-6499,Trime,K1522143170
UAF-9084,Doosan,40050400377
UAF-2207,Doosan,40050400378
UOF-2687,Doosan,47100043
UAF-6924,John Deere,MIU11376
UAF-2395,John Deere,M76076
UAF-1487,John Deere,AZ20623
UAF-3609,John Deere,AL67195
UHF-3496,John Deere,AL56469
UHF-7219,John Deere,AL31413
UAF-7391,CASE,132151A1
UAF-7303,CASE,132149A1
UOF-2768,CASE,J919562
UFF-8064,CASE,47387534
UFF-5344,CASE,903941T1
UCF-1829,CASE,A77544
UHF-4110,CASE,1329214C1
UAF-8934,ASV,3030302
UAF-8829,ASV,3030303
UOF-7917,ASV,3030300
UFF-8707,ASV,3030288
UFF-9051,ASV,3030289
UHF-9251,ASV,3030314
UOF-7324,Bobcat,7025590
UFF-5830,Bobcat,7010351
UWS-0216,Bobcat,7013148
UHF-0654,Bobcat,7006810
UHF-6829,Bobcat,7275347
UHF-3936,Bobcat,7004883
UFF-6036,Kawasaki,490197005
UAF-5670,Bobcat,7412642
UAF-7853,Bobcat,7412641
UHF-9968,Bobcat,7425242
UAF-9188,Honda,17210Z4M821
UHF-3937,Toro,540110
UOF-6726,Toro,1083842
UFF-1454,Toro,1157854
UHF-5187,Toro,1085194
UAF-2267,Toro,394018
UAF-0049,Toro,272490
UOF-3646,Toro,492932
UFF-0010,Toro,942690
UHF-3937,Toro,1079531
UAF-1932,Toro,1083812
UFF-9255,Ventrac,13.022
UHF-6719,Toro,751310
UAF-2267,Toro,920527
UAF-0049,Toro,920530
UOF-3646,Toro,1077817
UOF-7324,Toro,1270511
UAF-9322,Miller,230016
UAF-5032,Miller,230017
UOF-8933,Miller,66698
UIL-6043,Miller,246110
UIL-6043,Miller,246112
UOF-0172,Toro,1143494
UHF-7281,Kubota,RD41162150
UOF-0135,Kubota,1540232430
UFF-8933,Kubota,1560143170
UAF-2169,New Holland,PW11P00009S003
UAF-0844,New Holland,PW11P01038P1
UOF-7324,New Holland,VV12915035152
UFF-0523,New Holland,VV11980255800
UWS-2242,New Holland,VV11980255710
UHF-8282,New Holland,YR52V01003P1
UHF-3314,New Holland,PM50V00017S001
UHF-3507,John Deere,RE69054
UAF-5629,John Deere,MIU11377
UAF-5824,Honda,17210ZE3010
UAF-5692,Honda,17218ZE3000
UFF-9104,Honda,17672ZE2W01
UHF-8902,Ventrac,210124
UHF-3750,Ventrac,210122
UFF-7190,Toro,637650
UHF-3750,Jacobsen,4136798
UHF-6697,Sullair,250025525
UAF-1990,Sullair,2250164532
UAF-5820,Sullair,2250164533
UAF-9799,Sullair,250034087
UFF-4726,Massey Ferguson,837091138
UFF-1623,Massey Ferguson,837091128
UFF-4726,Massey Ferguson,837079726
UFF-4726,Massey Ferguson,837079710
UFF-1623,Massey Ferguson,837079709
UHF-7636,Kubota,TC83037700
UFF-9255,Toro,989764
UFF-2338,Toro,1058045
UAF-2777,New Holland,SBA314531183
UAF-3156,New Holland,SBA314531184
UAF-1932,New Holland,87547605
UAF-9344,New Holland,87547606
UFF-3039,New Holland,87300041
UHF-2375,New Holland,SBA340500960
UHF-2375,New Holland,47730809
UHF-3937,Tru-Turf,R5147
UHF-8902,Steiner,2720396
UHF-6115,Toro,232300
UAF-8024,Subaru,2773261107
UFF-8030,Toro,X641360010
USP-6528,,EMPTY
UAF-7358,Honda,17210ZE0822
UAF-0275,Toro,820660
UAF-2178,Toro,820670
UOF-8299,Toro,578530
UIL-6043,Toro,715960
UFF-5692,Toro,566360
UIL-6043,Toro,2505021S
UFF-2338,Toro,949695
UAF-6391,Miller,67272
UAF-0049,Miller,67273
UIL-6043,Miller,215984
USP-0379,,EMPTY
UAF-1932,Deutz,1467051
UFF-8922,Deutz,1174482
UAF-3882,Lincoln Electric,3600037
UOF-5824,Lincoln Electric,9200039
UOF-8403,Lincoln Electric,3600079
UOF-8933,Toro,1083847
UOF-4746,Honda,15400PLMA02
UAF-0316,Honda,17210Z6L010
UAF-5028,Honda,17218Z6L000
UFF-8920,Ditch Witch,159141
UFF-7711,Ditch Witch,159142
UHF-3937,Ditch Witch,155910
UFF-1624,Ditch Witch,194420
UFF-3506,Ditch Witch,194550
UFF-3986,Ditch Witch,194075
UAF-1932,Ditch Witch,194759
UAF-9344,Ditch Witch,194758
UOF-2018,Ditch Witch,1951134
UFF-0832,Ditch Witch,1951186
UOF-7040,Ditch Witch,5002361
UFF-9812,Ditch Witch,5002341
UAF-2240,EZ-GO,28463G01
UOF-6726,EZ-GO,607454
UOF-7040,Ditch Witch,194041
UAF-0287,Kubota,3P30011220
UAF-6939,Kubota,1J52011222
UHF-2125,Kubota,HH3S082590
UFF-1191,Kubota,1G41043560
UAF-1473,John Deere,T437613
UAF-9252,John Deere,T437617
UHF-4407,John Deere,F061786
UHF-0340,John Deere,F437580
UHF-1873,John Deere,F309181
UOF-1097,Toro,1045167
UHF-5187,TYM,11815154100
UOF-1597,TYM,EA00004647
UAF-6381,TYM,10031032050
UFF-0796,TYM,4130241
UFF-0999,TYM,4131532
UAF-4879,Kawasaki,110290049
UAF-6425,Kawasaki,110137037
UOF-0172,Briggs & Stratton,491056
UHF-9464,Jacobsen,558022
UHF-3937,John Deere,AT38431
UHF-0019,Vermeer,296298342
UOF-2687,Club Car,102703301
UFF-3539,Club Car,103761801
UAF-9322,John Deere,GY20576
UAF-7865,Club Car,1015426
UOF-6726,Club Car,1016467
UIL-6043,Club Car,1013684
UHF-3507,John Deere,UC33371
UHF-7845,Cub Cadet,1A816024950
UHF-5163,Yanmar,17248673710
UAF-4143,Yanmar,11916012560
UAF-3582,Yanmar,11916012571
UFF-2656,Yanmar,129A0055810
UHF-9762,Yanmar,17218773730
UHF-3893,Yanmar,172B1173760Ā
UHF-3411,Yanmar,17283773730
UHF-2046,CASE,278534A1
UAF-2240,CASE,48145946
UOF-7040,CASE,48145957
UFF-1987,CASE,47530517
UFF-3039,CASE,B317210030
UHF-3955,CASE,B317100041
UOF-5042,Caterpillar,4406232
UFF-0796,Caterpillar,4664177
UFF-1895,Caterpillar,4406213
UHF-0019,Caterpillar,4656502
UHF-6719,Caterpillar,1261815
UAF-6660,Caterpillar,1G7197
UOF-3178,Caterpillar,812684
UFF-9261,Caterpillar,813242
UFL-7623,Caterpillar,814172
UAF-4370,New Holland,86512888
UHF-4592,New Holland,9846407
UHF-3507,John Deere,UC34161
UOF-3518,Bad Boy,RA00008951A
UAF-2240,Bad Boy,EA00000985A
UFF-2128,Bad Boy,HA13040000A4
UHF-8956,Bad Boy,TA00064777B
UHF-4419,Bad Boy,TA00064776C
UAF-7239,Bad Boy,63801900
UFF-6249,Bad Boy,EA00005318B
UHF-7834,Bad Boy,TA00064774B
UHF-3750,Bad Boy,TA00043153B
UHF-5772,Bad Boy,TA00064775B
UAF-1932,Bad Boy,HLT0621020A9
UAF-9344,Bad Boy,HLT0621030A9
UAF-6784,John Deere,AT516280
UAF-1145,John Deere,AT516279
UAF-0249,Ford NH,E6NN9B618AA
UAF-3257,Ford NH,E6NN9R500DA
UOF-7566,Ford NH,86546614
UHF-2643,Ford NH,309735
UPS-1131,Ford NH,C7NN3N538A
UHF-0108,Ford NH,84536381
UAF-5824,Vermeer,224527013
UAF-5692,Vermeer,224527015
UHF-3937,Vermeer,163733192
UAF-5081,Toro,277110
UOF-4746,Toro,674330
UFF-1681,Toro,432550
UIL-6043,Toro,999404
UAF-7239,Jacobsen,5000919
UOF-7040,Jacobsen,2810346
UFF-6229,Jacobsen,550489
UHF-3750,Jacobsen,5002892
UHF-3507,Jacobsen,2811255
UAF-7239,Ferris,841237
UFF-6036,Ferris,80025019
UAF-3745,Massey Ferguson,7068069M1
UAF-9642,Massey Ferguson,7068070M1
UOF-6730,Massey Ferguson,7064196M91
UFF-5575,Massey Ferguson,7064120M91
UFF-4776,Massey Ferguson,7064119M91
UHF-4340,Massey Ferguson,6255330M2
UHF-2665,Massey Ferguson,7069738M1
UHF-1029,Massey Ferguson,7069558M92
USP-0379,,EMPTY
UFF-4197,TYM,15721022100
UAF-6864,John Deere,MIU10998
UAF-6720,John Deere,MIU10999
UAF-6864,Kawasaki,110137017
UAF-6720,Kawasaki,110137016
UOF-8731,Massey Ferguson,1069954M92
UAF-7344,Massey Ferguson,1094056M91
UAF-3257,Massey Ferguson,1094269M91
UAF-5526,Massey Ferguson,1043326M91
UAF-4163,Massey Ferguson,1043327M91
UAF-3445,Massey Ferguson,3901464M1
UAF-1279,Massey Ferguson,3901465M1
UAF-2902,Massey Ferguson,3901462M1
UAF-2084,Massey Ferguson,3901463M1
UOF-2193,Massey Ferguson,1447048M1
USP-8346,,EMPTY
UAF-5795,Massey Ferguson,7067436M1
UAF-9922,Massey Ferguson,7067437M1
UHF-4613,Massey Ferguson,7069948M91
UAF-3693,Sany,60197488
UAF-3876,Sany,60197489
UOF-0437,Sany,B222100000063
UFF-8144,Sany,60265298
UFF-1296,Sany,60254487
UHF-1469,Sany,60200365
UAF-6305,Link-Belt,KMH0781
UAF-5308,Link-Belt,KMH0830
UOF-7628,Link-Belt,KHH20750
UFF-8912,Link-Belt,KHH20760
UFF-4685,Link-Belt,KHH12030
UHF-9572,Link-Belt,KNJ14680
UHF-8770,Link-Belt,KNJ10660
UHF-2528,Bomag,5887559
UAF-5308,Vermeer,155031001
UFF-1895,Vermeer,296447419
UHF-3507,Vermeer,81902001
UHF-7729,Vermeer,296421549
UHF-8902,Husqvarna,539102606
UAF-1576,Bomag,5730133
UOF-7040,Bomag,5742439
UFF-4585,Bomag,5821330
UIL-6043,Bomag,5715861
UAF-0348,Ditch Witch,5001855
UAF-5657,Ditch Witch,5001856
UOF-6733,Ditch Witch,5001082
UFF-6861,Ditch Witch,5002110
UFF-3284,Ditch Witch,5001084
UHF-3664,CASE,7738743
UAF-2972,Caterpillar,6I2504
UAF-8912,Ditch Witch,1951040
UAF-0455,Ditch Witch,1951041
UAF-4616,Ditch Witch,1952319
UAF-5140,Ditch Witch,1952320
UOF-6415,Ditch Witch,1951034
UFF-8425,Ditch Witch,1951035
UFF-6472,Ditch Witch,1951036
UFF-1759,Ditch Witch,1951790
UFF-3040,Ditch Witch,1951652
UHF-7229,Ditch Witch,153792
UHF-4941,Ditch Witch,149939
UAF-3582,Bobcat,7380735
UFF-2781,Bobcat,7384401
UFF-4097,Kubota,1J52143170
UOF-3646,Ditch Witch,5002093
UFF-7840,Ditch Witch,5002088
UAF-0113,Kobelco,YN11P00029S003
UAF-8095,Kobelco,YN11P00029S002
UOF-0413,Kobelco,VH156072190A
UFF-4794,Kobelco,VH23414E0020
UFF-0757,Kobelco,VH23304EV040
UHF-9917,Kobelco,2446R307S1
UHF-8733,Kobelco,YN52V01008R100
UAF-3371,John Deere,AT110770
UAF-6499,John Deere,AT110771
UAF-2768,Ford,84493216
UAF-1098,Ford,86525008
UHF-5979,Ford,D6NNB486A
UFF-9691,Ford,84535312
UHF-9181,Ford,E8NN6714AA
UAF-6381,Kioti,T531011011005
UAF-1915,Kioti,T531011011002
UFF-9534,Kioti,40050400115A
UAF-3045,Kioti,E630011081
UAF-4163,Kioti,E630011091
UOF-2584,Volvo,24063084
UAF-8786,AGCO,ACX2412640
UAF-7482,AGCO,ACV0066720
UFF-7803,Volvo,21538975
UAF-3445,Hatz,50638200
UAF-1279,Hatz,50638300
UOF-2829,Hatz,50638800
UOF-7123,Hatz,50640500
UFF-1847,Hatz,50638100
UFF-4231,Hatz,50638000
UFF-9290,Racor,R20P
UHF-1854,ZINGA,S0806LN 
UHF-7815,HY-PRO,HP90NL96MB
UHF-8350,MP FILTRI,MR2503A10AP01
UAF-3360,Caterpillar,1304678
UAF-1435,Caterpillar,1304679
UOF-2861,Caterpillar,3526008
UHF-5789,Yanmar,172B5773700
UAF-7649,Ford,BC3Z9601A
UAF-7354,Ford,7C4Z9601AA
UOF-6415,Fleetguard,3942365
UFF-2786,Cummins,4934879
UFF-0740,Cummins,3942470
UFF-3606,Cummins,4934845
UCF-1829,Cummins,1303537
UCC-1165,Cummins,4932168
UTF-3911,Allison,29540493
UTF-2978,Allison,29540494
UFF-2128,Yanmar,12905355670
UAF-5733,Yanmar,1NF05000030
UAF-1977,Ford,CC4Z9601A
UAF-6594,Generac,0F1922
UAF-2071,Polaris,7082265
UOF-0303,Polaris,2540086
USP-9530,,EMPTY
UAF-9853,Vermeer,296360688
UAF-1848,Vermeer,296284125
UOF-2250,Vermeer,618429001
UFF-9364,Vermeer,296443864
UFF-4278,Vermeer,296443865
UHF-7653,Vermeer,296432777
UAF-1632,Ditch Witch,194147
UAF-2006,Ditch Witch,194148
UOF-2250,Ditch Witch,194478
UFF-3816,Ditch Witch,1952635
UFF-7434,Ditch Witch,1951172
UFF-7434,Ditch Witch,626273001
UFF-6981,Ditch Witch,296380036
UHF-7321,Ditch Witch,296269657
UFF-0988,Kubota,RD15951940
UHF-6719,Ditch Witch,5001784
UFF-6499,Ditch Witch,296276753
UHF-6353,Ditch Witch,624360001
UOF-7324,Ditch Witch,296271097
UAF-8041,CASE,84191182
UAF-6098,CASE,87356547
UOF-9004,CASE,84565867
UFF-9907,CASE,5801439820
UFF-6857,CASE,90412128
UHF-0192,CASE,51508555
UHF-8514,CASE,47833564
UHF-7231,CASE,84240234
UAF-2822,New Holland,81866927
UAF-9899,New Holland,81823932
UOF-0170,New Holland,86980031
UFF-0806,New Holland,86555246
UFF-5257,John Deere,N378886
UAF-3426,Nissan,16546NY108
UAF-8785,Mack,2191P531751
UOF-1271,Yanmar,17214673710
UFF-8979,Ford,1822631C91Ā
UOF-7239,New Holland,MT40409065
UFF-7677,New Holland,MT40407354
UAF-2587,Caterpillar,3I0328
UAF-3559,Caterpillar,7C8307
UOF-6415,CASE,J942365
UHF-0416,Caterpillar,2226713
UOF-9897,CASE,74835378
UOF-3174,John Deere,RE574468
UFF-2551,Paccar,K371029
UFF-3677,Cummins,5575143
UFF-1903,Cummins,5599456
UAF-4291,Paccar,P621725
UFF-2551,Paccar,K371011
UAF-0306,Paccar,X1987001
UOF-9595,Caterpillar,3I1880
UFF-9102,CASE,A184774
UFF-0331,New Holland,MT40416089
UHF-7570,New Holland,MT40347273
UAF-1771,Kalmar,923829.143
UAF-8953,Kalmar,923829.1431
UOF-6415,Kalmar,923829.062
UFF-2270,Kalmar,ICM2020009
UFF-9600,Kalmar,JP124890
UHF-1118,Kalmar,CTT00001818
UTF-2978,Kalmar,90031386
UAF-0144,John Deere,RE587791
UAF-7781,John Deere,RE587792
UHF-6444,John Deere,RE573817
UFF-5601,John Deere,DZ130550
UOF-7607,Caterpillar,1R1807
UFF-7033,Caterpillar,1R0751
UFF-6881,Caterpillar,84557707
UFF-2339,Cummins,4940647
UOF-2837,Caterpillar,1R1808
UFF-5110,Cummins,1492249
UHF-2479,Caterpillar,1090360
UFF-1994,Caterpillar,1R0750
UFF-3865,International,1843162C91
UFF-0248,International,2587803C1
UFF-3266,Kenworth,2272926PE
UOF-7680,Kenworth,2234788PE
UOF-2837,Caterpillar,2444484
UFF-6450,Massey Ferguson,1055915M1
UFF-5976,Caterpillar,1R0749
UAF-4271,Caterpillar,7C8328
UFF-5645,Mack,483GB471M
UFF-2119,Mack,483GB470AM
UAF-2780,Mack,2MD512AM
UCF-4926,Mack,25MF428A
UOF-2977,VOLVO,21401064
UFF-3653,Isuzu,8982402800
UFF-8725,Paccar,K371004
UFF-4825,Cummins,4331007
UAF-1947,Caterpillar,7W7425
UTF-6191,Cummins,2895324
UFF-1005,Mack,20539582
UFF-0803,Mack,21380521
UAF-8070,Mack,57MD320M
UTF-8157,Cummins,5263190
UFF-6881,Caterpillar,2568753
UAF-6603,Paccar,X011622
UAF-2016,Paccar,P614986
UOF-2900,Cummins,4331005
UFF-0760,Caterpillar,1752949
UOF-2977,Caterpillar,1R0739
UFF-0021,Mack,483GB476M
UAF-0597,Caterpillar,2471380
UAF-3166,Caterpillar,3I0405
UOF-4435,CASE,6051438
UOF-8066,Paccar,1922496
UFF-1734,Paccar,2277129G
UOF-6428,Ford,BC3Z6731B
UFF-7133,Ford,HC4Z9N184A
UAF-0597,Perkins,135326206
UAF-5025,Tennant,372652
UAF-8202,Tennant,380689
UHF-7481,Versatile,63297
UFF-5090,Caterpillar,1R0762
UHF-0307,Furukawa,ZN300040102
UCF-7400,CASE,J100307
UFF-7263,Caterpillar,2998229
UFF-6118,Caterpillar,3087298
UFF-1296,Cummins,5304214
UHF-3664,Caterpillar,4T6788
UFF-1127,Cummins,5335504
UAF-8603,John Deere,RE63778
UOF-0873,Cummins,5266016
UOF-4261,JCB,32004133
UFF-1340,JCB,333X4225
UAF-5380,John Deere,RE46837
UAF-2548,JCB,70045305
UAF-6347,CASE,N101951
UOF-8417,Caterpillar,2672528
UFF-3676,Caterpillar,1032901
UAF-5081,GEHL,55017
UAF-8600,GEHL,92397
UAF-0664,GEHL,92398
UOF-2193,GEHL,78849
UFF-9691,GEHL,78850
UAF-7867,GEHL,242541
UAF-2264,GEHL,242540
UFF-0523,GEHL,270979
UWS-0216,GEHL,203822
UHF-7534,GEHL,241216
UAF-8220,GEHL,79388
UOF-6726,GEHL,611990
UOF-0634,GEHL,88361
UHF-1044,GEHL,76030
UOF-4746,GEHL,122497
UFF-4110,GEHL,78851
UHF-4808,GEHL,73479
UOF-8299,GEHL,83715
UOF-6184,GEHL,132430
UAF-5925,John Deere,AT522469
UAF-9464,John Deere,AT522472
UAF-7439,Polaris,7082037
UAF-1932,Doosan,40050400193
UAF-9344,Doosan,40050400194
UFF-7111,Doosan,40050400343
UHF-4082,Doosan,D516976
UHF-8917,Doosan,D164457
UHF-2924,Doosan,D140182Ā
UAF-7590,Doosan,40050400457
UAF-5141,Doosan,40050400458
UFF-4140,Doosan,40050400610
UFF-4571,Doosan,40050400580
UHF-7868,Doosan,2075558
UX-4936,WIX,46487
UAF-3582,WIX,46672
UOF-5824,WIX,57085
UFF-3889,WIX,33386
UHF-2924,WIX,57282
UAF-5081,Baldwin,PA1690FN
UAF-4143,Baldwin,RS3542
UOF-3583,Baldwin,B7042
UOF-8752,Baldwin,BT237
UFF-5712,Baldwin,BF7534
UFF-0806,Baldwin,BF1226
UHF-1492,Baldwin,BT420
UHF-6979,Baldwin,B252
UHF-9744,Baldwin,PT23585
UAF-5081,WIX,42276FR
UOF-7324,WIX,51064
UFF-0806,WIX,33472
UAF-4143,WIX,46671
UAF-2240,Sany,60023849
UAF-7483,Sany,60023848
UOF-3518,Sany,60027935
UFF-0523,Sany,60273108
UHF-1309,Sany,60114999
UHF-3142,Sany,60235351
UHF-9751,Sany,A222100000366
UAF-3894,Volvo,VOE11033998
UAF-6427,Volvo,VOE11033999
UOF-4435,Volvo,VOE21707132
UFF-3320,Volvo,VOE8193841
UFF-0292,Volvo,VOE11110683
UFF-2604,Volvo,VOE8159975
UHF-7536,Volvo,VOE17418113
UOF-1036,Volvo,VOE11172907
UHF-7085,Kubota,V064165450
UHF-8222,Kubota,V065165150
UAF-4006,Vermeer,180021162
UAF-7886,Vermeer,163830138
UOF-6415,Vermeer,296299770
UFF-1296,Cummins,5303743
UAF-1632,John Deere,RE171235
UAF-2006,John Deere,RE171236
UHF-6325,John Deere,RE172178
UAF-1435,CASE,82028151
UFF-6857,CASE,84337371
UHF-9346,CASE,84196445
UHF-8514,CASE,84202794
UAF-7354,Caterpillar,3045632
UAF-7482,Caterpillar,3045633
UHF-2673,Caterpillar,3891079
UAF-2399,Caterpillar,5287222
UAF-3477,Caterpillar,5290132
UFF-0292,Caterpillar,4395037
UFF-3080,Caterpillar,3619555
UHF-9744,Hster,2037740
UAF-1352,CASE,906443T1
UAF-8777,CASE,906444T1
UAF-0219,CASE,113988A1
UAF-4110,CASE,113989A1
UOF-9667,Volvo,11708551
UFF-5679,Volvo,11110189
UFF-6471,Volvo,11708554
UCF-6987,Volvo,1661964
UHF-6190,Volvo,104200830
UHF-9221,Volvo,103061460
UHF-8637,Volvo,14509379
UAF-2240,JLG,7015004
UOF-7040,JLG,70004395
UFF-4110,JLG,1001190545
UFF-1496,JLG,70005296
UHF-8469,JLG,70002812
UFF-1496,JLG,70002900
UAF-2267,John Deere,LG394018
UAF-0049,John Deere,LG271794S
UAF-2240,CarQuest,88449
UOF-6726,CarQuest,85394
UIL-6043,CarQuest,86011
UAF-7239,CarQuest,88438
UAF-7426,CarQuest,87985
UOF-8933,CarQuest,85056
UFF-2338,CarQuest,86031
UFF-0796,JLG,70025153
UFF-0999,JLG,70025161
UHF-1501,JLG,70003614
UAF-4197,John Deere,LW10343995
UAF-2615,John Deere,LW10343996
UOF-2214,John Deere,LW10297295
UFF-5739,John Deere,LW10044302
UFF-7567,John Deere,LW10429946
UHF-6744,John Deere,LW10428561
UHF-9602,John Deere,AT309931
UHF-7567,Kubota,6948162210
UFF-0796,JLG,1001225430
UFF-1895,JLG,70024962
UHF-0243,JLG,1001271972
UHF-1111,Jacobsen,4199061
UAF-1932,Jacobsen,4133820
UAF-9344,Jacobsen,4133821
UOF-0103,Jacobsen,4113986
UFF-4097,Jacobsen,4297133
UFF-6626,Jacobsen,4297126
UHF-8211,Jacobsen,555771
UAF-2240,Jacobsen,5000913
UFF-6229,Jacobsen,5001182
UFF-6499,Jacobsen,2500809
UAF-3445,JLG,70024190
UAF-1279,JLG,70024191
UHF-3507,JLG,1001141461
UHF-9794,JLG,1001141459
UFF-1895,JLG,1001225432
UFF-8943,Genie,1271652GT
UOF-7861,Genie,65623GT
UFF-8703,Genie,65626GT
UHF-3664,Genie,61326GT
UOF-4715,Genie,1255653GT
UFF-8922,Genie,1254826GT
UAF-9337,Genie,236095GT
UOF-0817,Genie,866050GT
UFF-9255,Genie,65853GT
UFF-1496,Genie,42767GT
UAF-2240,Genie,52867GT
UOF-2182,Genie,1272828GT
UAF-7650,International,2517298C1
UAF-4515,International,2602211C1
UOF-6415,International,3937736
UAF-0306,International,4070948C1
UHF-3484,Takeuchi,1550000112
UFF-3039,Takeuchi,12910055650
UHF-9764,Genie,117379GT
UOF-4710,Bobcat,7368909
UAF-5732,Wacker Neuson,1000467407
UAF-0271,Wacker Neuson,1000467408
UOF-3518,Wacker Neuson,1000003052
UFF-2128,Wacker Neuson,1000466939
UFF-9114,Wacker Neuson,1000466935
UHF-5118,Wacker Neuson,1000463685
UAF-2313,Nissan,16546EA000
UOF-3518,Nissan,1520865F0E
UCB-4490,Nissan,999M1VR006
UAF-8548,Isuzu,8981772710
UOF-8976,Isuzu,8982984040
UFF-6756,Isuzu,8981475250
UFF-5605,Isuzu,8981653750
UFF-5712,Isuzu,8980374810
UAF-4364,Chevrolet,22909882
UOF-6541,Chevrolet,12737086
UAF-1524,Nissan,165469BT1A
UOF-4746,Nissan,1520831U1E
UAF-0306,Nissan,27277VX01A
UAF-1411,International,2518540C1
UOF-9118,International,6042658C1
UFF-8267,International,2522151C91
UPS-0878,International,4043517C1
UCB-2249,International,6040856C1
UAF-8548,Isuzu,29007N0000
UOF-8976,Isuzu,2906544040
UAF-8548,Chevrolet,97780479
UOF-9118,Chevrolet,12735811
UAF-2409,Ford,HC3Z9601B
UAF-3488,Ford,KL3Z19N619AA
UCB-2447,Chevrolet,19338055
UAF-8353,Chevrolet,84121217
UAF-4155,Ford,LX6Z9601A
UOF-0172,Ford,BE8Z6731AB
UCB-0566,Ford,LX6Z19N619CA
UOF-6541,Chevrolet,89017524
UAF-8548,Isuzu,8970622940
UFF-6762,Isuzu,94392474
UAF-1260,Ford,HC3Z9601A
UOF-6428,Ford,MU2Z6731C
UAF-0381,Ford,CK4Z9601A
UOF-9118,Ford,AA5Z6714A
UCB-9556,Ford,FP74
UAF-8548,Isuzu,2945611130
UOF-6541,Isuzu,2945611090
UFF-3606,CASE,84167233
UOF-1216,CASE,87729947
UFF-4685,CASE,47585451
UFF-8912,CASE,47518440
UHF-6991,CASE,47635916
UHF-9286,CASE,KAJ10630
UFF-7705,Caterpillar,5654266
UAF-1495,Caterpillar,5728283
UAF-7359,Caterpillar,5728286
UHF-7534,Caterpillar,1843931
UOF-4942,CASE,47978734
UFF-7434,Caterpillar,3880545
UHF-6041,Caterpillar,3481861
UAF-3939,CASE,87682984
UAF-4932,CASE,87682985
UFF-3072,CASE,KHH22380
UHF-5376,CASE,47757762
UAF-5151,SANY,60207265
UAF-4932,SANY,60207264
UOF-9667,SANY,61019317
UFF-5135,SANY,60342821
UHF-9131,SANY,60247816
UHF-8211,Caterpillar,9T8578
UHF-9668,Caterpillar,1R0777
UAF-1632,CASE,87704244
UAF-2006,CASE,8602996
UAF-2587,International,476741C1
UAF-3559,International,482664C1
UOF-9595,International,1811953C1
UFF-9102,International,1809789C1
UFF-6450,Cummins,FF105D
UCF-7356,Cummins,WF2073
UHF-3937,International,595722C91
UHF-5779,International,29510922
UAF-7926,GM,23349854
UOF-6541,GM,12626224
UCB-2249,GM,23281440
UAF-7058,GM,94775933
UOF-4593,GM,25206966
UAF-0215,GM,23135671
UAF-2348,International,3532799C1
UOF-0438,International,1842639C92
UFF-0049,International,1842638C92
UAF-3426,GM,15619013
UAF-7065,GM,12544543
UOF-2977,GM,6439392
UFF-3947,GM,88983117
UAF-0932,Freightliner,P634517
UOF-3312,Freightliner,A4731800409
UOF-0172,Freightliner,4304827
UFF-8049,Freightliner,A4700903151
UFF-2573,Freightliner,A0000905051
UAF-9668,Freightliner,36000006
UAF-5765,Ford,LC3Z9601A
UOF-7196,Ford,KU2Z6731A
UAF-8114,Volvo,21715813
UOF-6599,Volvo,21707133
UOF-4435,Volvo,21707132
UFF-6802,Volvo,22474709
UFF-1099,Volvo,21737499
UCF-7864,Volvo,21937327
UAD-5476,Volvo,21620181
UHF-8289,Volvo,85108880
UAF-4785,Volvo,20435801
UAF-4865,GM,85614334
UFF-8267,GM,13539108
UCB-2447,GM,13508023
UAF-2796,Ford,FP93
UAF-3859,Ford,MB3Z9601A
UAF-3426,Paccar,P527484
UOF-0437,Paccar,1500871
UFF-2786,Paccar,3959404
UAB-6982,Peterbilt,5008414
UPS-7979,Peterbilt,87904M
UAF-8067,Peterbilt,5S013817
UAF-8353,GM,84121219
UAF-7333,Isuzu,8944302500
UOF-0320,Isuzu,2946541000
UFF-6762,Isuzu,2906549400
UOF-0886,GM,12735608
UAF-7358,John Deere,AM123909
UAF-6305,Vermeer,155030001
UHF-1492,Mahindra,000016115P04
UAF-4986,Massey Ferguson,3705142M91
UAF-2165,Massey Ferguson,3705141M91
UOF-1558,Massey Ferguson,3706693M1
UFF-3889,Massey Ferguson,3706283M91
UHF-2479,Massey Ferguson,3705452M1
UFF-2128,Toro,1343085
UHF-5187,Toro,1104146
UOF-7324,Toro,998384
UFF-6036,Gravely,21538400
UHF-9363,Gravely,21545028
UHF-6857,Gravely,21548300
UHF-9210,International,29539579
UAF-5841,Toro,331300
UFF-0010,Toro,181520
UOF-2687,Toro,429030
UAF-7239,Polaris,7082087
UOF-7324,Polaris,3070549
UFF-5439,Polaris,2521087
UAF-2240,Steiner,416648324
UOF-7782,Steiner,416648321
UHF-4947,Steiner,4166897
UHF-1226,Steiner,4173825
UHF-3750,Salsco,318023
UFF-6036,Cushman,825619
UAF-6294,Ditch Witch,1951794
UAF-0049,Ditch Witch,1951479
UFF-6253,Ditch Witch,1951480
UHF-0255,Kubota,RG13662193
UOF-7861,Vermeer,163697316
UFF-8943,Vermeer,147082001
UAF-8490,Wacker Neuson,1000330789
UAF-7442,Wacker Neuson,1000330790
UOF-0172,Wacker Neuson,1000231366
UFF-7228,Wacker Neuson,1000199580
UFF-6452,Wacker Neuson,1000261607
UHF-6482,Wacker Neuson,1000126919
UAF-0405,Wacker Neuson,5200006730
UAF-2287,Wacker Neuson,1000370137
UOF-9956,Wacker Neuson,5200016387
UFF-5690,Wacker Neuson,1000337856
UFF-1972,Wacker Neuson,1000370138
UAF-6305,BOMAG,5743063
UAF-5308,BOMAG,5743062
UOF-0103,BOMAG,5741616
UFF-5153,BOMAG,5821454
UFF-5107,BOMAG,5821455
UHF-1045,BOMAG,7993014
UAF-8041,Bell,226779
UAF-6098,Bell,226780
UOF-4189,Bell,222525
UFF-8638,Bell,222531
UFF-0516,Bell,A9360903855
UHF-8587,Bell,262947
UHF-5138,Bell,228253
UAF-7562,Sakai,4423440010
UAF-0934,Sakai,4424640010
UOF-5859,Sakai,4033530080
UFF-8264,Sakai,4033530140
UFF-5817,Sakai,4033530110
UHF-8898,Sakai,4218710000
UHF-9311,Sakai,4207790000
UAF-2240,Smithco,4207603
UAF-7483,Smithco,4283403
UOF-3646,Smithco,13531
UFF-0010,Smithco,50403
UHF-3937,Smithco,23031
UAF-2267,Smithco,1516501
UAF-0049,Smithco,1516501-S
UOF-7040,Cushman,4177262
UHF-3750,Cushman,885249
UHF-8474,Parker,411154S
UAF-0113,CASE,KBH0921
UAF-8095,CASE,87683001
UOF-7628,CASE,84206729
UFF-4685,CASE,MMH80590
UFF-8912,CASE,84273157
UHF-1653,CASE,KHJ17730
UHF-0208,CASE,KRJ10590
UHF-5376,CASE,KRJ20710
UAF-3445,Takeuchi,12994812621
UAF-1279,Takeuchi,12994812630
UHF-8514,New Holland,87478098
UAF-7426,Hitachi,4423981
UAF-7483,Donaldson,P535396
UAF-3582,Donaldson,P829332
UAF-4163,Donaldson,P123160
UAF-7426,Donaldson,P822858
UAF-9344,Donaldson,P822769
UAF-9642,Yanmar,172B0611520
UAF-7483,New Holland,73185197
UAF-5644,WIX,WA10015
UAF-9344,Toro,1083813
